"Run.ID","P0.Regret.GS","P1.Regret.GS","P2.Regret.GS","P3.Regret.GS"
1,0.00953956896112887,0.0102205136775775,0.0137875082257662,0
2,0.0236939313101209,0.0251805287037197,0.0222347644164148,0
3,0.0121943709491524,0.0136650369597028,0.02339885443695,0
4,0.015287238720095,0.0160104565531291,0.0195903998460875,0
5,0.018775961180908,0.0206207062402842,0.0205484239771381,0
6,0.00834525940438047,0.0102942306699404,0.0179077958578466,0
7,0,0.00104692221466081,0.00993991777300283,0.0135422749755587
8,0.0215379421293612,0.0223589672086579,0.0223934906248198,0
9,0.0065458179015964,0.0073742485082748,0.0174521342601649,0
10,0.00669655044588414,0.00778000313010634,0.0179011748875166,0
11,0.0114024220039195,0.0122525170971855,0.018780372260099,0
12,0.0155868839825175,0.0295595934669186,0.0158217546708041,0
13,0.0215073792098614,0.0238626413367728,0.0197979112443777,0
14,0,0.000852993349072989,0.00634318664267788,0.00473250636719359
15,0,0.000766992325075863,0.00527049351520875,0.000426434615079047
16,0.0279395736452654,0.0246642020909695,0.0178588336823455,0
17,0.0100735938596877,0.0132928291868865,0.0181147602438164,0
18,0.000870677763747808,0.00215962277690278,0.0205406488223254,0
19,0.0193096586259452,0.022302527785345,0.017057798196548,0
20,0.0105361144638521,0.0111588652231343,0.0149216243984026,0
21,0.0172011432926805,0.0191584418636717,0.0162218590443523,0
22,0.0244617493889998,0.0260256733227602,0.020631713009733,0
23,0.00955755113308009,0.0130291805884821,0.0157435845675014,0
24,0.00766697861215163,0.00876288675765324,0.0160410414400442,0
25,0.0100646194712894,0.0110806037101773,0.0179067017122264,0
26,0.0158047634681211,0.0177682101089782,0.0164507990686296,0
27,0.0129986872336334,0.0142815772675431,0.0193256801084335,0
28,0.0071245698332548,0.00793963252000062,0.0129248382995583,0
29,0.0126594295891386,0.0138536149780675,0.0230743786467479,0
30,0.0185506892638325,0.0217621090295347,0.0153829286554297,0
31,0.019044600987182,0.0201873560095378,0.0247748190531414,0
32,0.00835723605151489,0.00898753832381801,0.0121369769848567,0
33,0.0199974752737765,0.0220937421546522,0.0169580346495044,0
34,0.0243939389377311,0.0266872973888249,0.0216581414513724,0
35,0.208387800277425,0.209198325643526,0.212271611832746,0
36,0.017850622689733,0.0199519226789222,0.0225664816711116,0
37,0.00960846076601753,0.0112387994463835,0.0202127628058208,0
38,0.0158208047397961,0.0211635489902336,0.0164787346418546,0
39,0.0257422946291279,0.0339836342166138,0.0165505500507212,0
40,0.0205577178752046,0.0289950625700383,0.0154366472666074,0
41,0,0.0007948374012419,0.00618962016763849,0.00654714251218625
42,0.0100935587877078,0.0109463266132852,0.0173548762116309,0
43,0.0313509116893592,0.0333093358275635,0.0212774631839432,0
44,0.0243707536259018,0.0233621124387571,0.0153910768153353,0
45,0,0.00132425686840611,0.0225853463872848,0.000395669051628474
46,0.00166035209083246,0.0035214021023597,0.0167178868540697,0
47,0.0306174616086911,0.0311385150787432,0.0221065427444827,0
48,0.0217164248274762,0.0231056349149576,0.0222294745566228,0
49,0.013914382194209,0.0153671063208968,0.0188904138839218,0
50,0.026961033037072,0.0269728967315731,0.0193814910191765,0
51,0.0237137726983266,0.0201251157864973,0.0151422125559005,0
52,0.0053048139415074,0.00923914037928358,0.016326565479446,0
53,0.0142246364880852,0.0159598209123721,0.0163522304508315,0
54,0,0.00115573991544601,0.0231091739994085,0.00253508796141789
55,0,0.000938468951699134,0.00830279645992507,0.0083380641782036
56,0.00317910718202402,0.00407292488384577,0.0088272955521144,0
57,0.0277119069830711,0.0286411148031094,0.0235198106011446,0
58,0.00670535307888611,0.00781288286974414,0.02010882047254,0
59,0.0187533964992487,0.0204605788165194,0.0223867910907701,0
60,0.00579668978254867,0.00672025448158547,0.0127362696273563,0
61,0,0.0016500178617216,0.0238354295056661,0.00613794721010073
62,0.016764881266022,0.0181465571684229,0.0197288850561422,0
63,0.0168932700844661,0.0191070122075406,0.0159274720833741,0
64,0.0159762220703082,0.0168604216481664,0.0201567862448859,0
65,0.00497133600419267,0.00603943623322318,0.0137753390457697,0
66,0.0246365433628998,0.0276448757145567,0.0160147193151495,0
67,0.00199599205267874,0.00327412291575317,0.0223602354192253,0
68,0.0051089798497837,0.00606070618265285,0.0153363441093019,0
69,0.00645040620370573,0.00736211835471195,0.0131378753779736,0
70,0.0100972494126842,0.0115504927346754,0.0201332349049413,0
71,0.0281055933965555,0.0349585624484317,0.0203807053123956,0
72,0.00700176306295269,0.0080726746954335,0.0170073378505951,0
73,0.0140682592578815,0.0148320576281226,0.0230681367795081,0
74,0,0.00104523198545334,0.0112710803397935,0.00279272966835505
75,0.0169721146294201,0.01823840014477,0.0221177077188444,0
76,0.0233907096412029,0.0242091999060616,0.0224028135972551,0
77,0.0204853395349674,0.0226210378461918,0.0162561007527128,0
78,0.0138702831389092,0.0155088515031467,0.0159181229954189,0
79,0.0363741274300159,0.040534589974153,0.0189268138368631,0
80,0.0214285736401796,0.0224770649176413,0.0222519856955434,0
81,0.00372244163531933,0.00449596010969067,0.00876722157127593,0
82,0.0116198670784632,0.0137974469756791,0.0176689611607097,0
83,0.283618879397513,0.28434047480649,0.288054584667457,0
84,0.0115276441133436,0.0124622540390905,0.0192525008686339,0
85,0.00553406247803996,0.00618078346354484,0.00972557190301208,0
86,0.022223402425175,0.0241529945902463,0.017200419002845,0
87,0.0264521554451084,0.020612518537799,0.0155578177510339,0
88,0.0164591432325577,0.0177958708061475,0.0171764606508436,0
89,0.0152947249144487,0.0162436600624512,0.0208492741974645,0
90,0.0356762283692742,0.0198266037012571,0.0152489528983865,0
91,0.0177393270206788,0.0183529821980455,0.0171845154434225,0
92,0.191752375856207,0.192240715671065,0.194598902878189,0
93,0.0246458573893171,0.0283880413526713,0.0173476975170083,0
94,0.0162182424591017,0.016895740228017,0.0169786619426458,0
95,0.0151022304842352,0.0167341763247175,0.0227602272626443,0
96,0,0.000957479642766476,0.00758645816910163,0.00509484673318458
97,0.0307901411343406,0.0328500009655984,0.0184703537448179,0
98,0.00984281118190763,0.0108047203642034,0.0204501371169477,0
99,0.0272776181577517,0.0301303972387306,0.0166862042120198,0
100,0.0126455017427807,0.0137858905301201,0.0184394876177525,0
101,0.108486277330341,0.10969673683699,0.116771143337181,0
102,0.0281794318490915,0.0296737662318867,0.0222221808399428,0
103,0.0210859539927547,0.024444574730695,0.0160456070463859,0
104,0.0115471136550823,0.0130238794235246,0.0160372445970541,0
105,0.0219869798601017,0.0229270465079928,0.0220752431563364,0
106,0.00778235626551823,0.00879100629226225,0.0184437136346806,0
107,0.0247679815791496,0.0272106171956899,0.0209716012711462,0
108,0.0312664831744712,0.0355820761538963,0.0213662093210392,0
109,0.0122228805172162,0.0139175310067996,0.018872913403887,0
110,0.0197353016147745,0.0207084015303955,0.0249374539327501,0
111,0.00935097683875413,0.0100284005846621,0.0142557284476332,0
112,0.00815598688193976,0.00916001808265213,0.020196313176872,0
113,0,0.000864948672229124,0.00710962722781086,0.00515526298437117
114,0.0277345445127168,0.0291282191960516,0.0222403635320749,0
115,0.0269731384034934,0.0372780769604079,0.0167298857340913,0
116,0.00442913708678341,0.00519494702582747,0.00971692294913025,0
117,0.0212632159852639,0.0240389990473264,0.0162242749940897,0
118,0.0181710283861809,0.0212648570061086,0.0172019385415275,0
119,0.00619031229885203,0.0073406851870357,0.0171143842625479,0
120,0.00881365326869641,0.0101983948121078,0.0170219401563401,0
121,0.0294871987764299,0.0332965209843498,0.0163368568409589,0
122,0.000132329124150274,0.00188163115949479,0.0163266165385131,0
123,0.00896383683285831,0.00947118901769335,0.0120517993185068,0
124,0.0275266268508862,0.0298161788643842,0.0195585768425854,0
125,0,0.00104132043445015,0.00809999782577813,0.00908877560969537
126,0.0236347078403417,0.0338003763188316,0.0152908985155643,0
127,0.0123212716383432,0.0129755780396785,0.0171094339871014,0
128,0.0106600120265615,0.0117990818085037,0.0227026996762687,0
129,0.0044086617346122,0.00522926696871506,0.0100199182490843,0
130,0.028325085549643,0.0326639877543819,0.0155496441029681,0
131,0.0249578974738806,0.0212221898508259,0.0155132315306335,0
132,0.0131096731781511,0.0145557087801414,0.0165523920145719,0
133,0.0124681369518685,0.0141907004920248,0.0215475627727381,0
134,0.00933064301736277,0.0120881098217584,0.0168203926546439,0
135,0.00640675703279497,0.00749123397405999,0.0242494011223865,0
136,0.0258022411483621,0.0289324321366325,0.0176214942224132,0
137,0.0215178440287878,0.0219288969160577,0.0200327635019947,0
138,0.0186233326129091,0.020993704105022,0.01545351802672,0
139,0.0121908390402014,0.0140792915864342,0.0172877886538348,0
140,0,0.000845843515907094,0.00661937269149225,0.010083203338834
141,0.0176752325504323,0.0193926072925057,0.0156809745143749,0
142,0.0201062911571059,0.0210218706898441,0.0237784706800279,0
143,0.0243083524226681,0.0307404479151491,0.015880790455788,0
144,0.0132974116504977,0.014209626207608,0.0189445982088529,0
145,0.0221256427988722,0.0239299776248436,0.0198424087442565,0
146,0.00315679003797631,0.00409053201163078,0.0119300908677863,0
147,0.0148685350385705,0.0175527833215187,0.0156653624221075,0
148,1.71431903294162,1.71512542011009,1.7197506576938,0
149,0.0127642619070529,0.0137665285112731,0.0205212589779393,0
150,0,0.00118904618802911,0.0204851368943269,0.0137504365440748
151,0.0196181775327152,0.0286729855999111,0.0153511737086033,0
152,0.01167412000634,0.0122816607473808,0.0159853104934833,0
153,0.0324252678502784,0.024917775696877,0.0177795115956449,0
154,0.0185949596694288,0.0190506635568023,0.0178341593512606,0
155,0.00679133723151218,0.00759718922331128,0.0123655718517053,0
156,0.0200874927169795,0.0215993630861017,0.0201107159235171,0
157,0.00173054440336144,0.00379745007704994,0.0174810853294419,0
158,0,0.00177626011753946,0.019089771160777,0.00199653467244375
159,0.0165055623351424,0.0174124866100481,0.0176911588255331,0
160,0.0085513190308271,0.00900916326537857,0.0115060525234044,0
161,0.0181969148988123,0.0196600187798258,0.0205066287289701,0
162,0.0104158283427353,0.011962786355182,0.0182473164184935,0
163,0.0240674432688337,0.025575984846785,0.0194208897857322,0
164,0.032200604859289,0.0346509726957718,0.0217368496255927,0
165,0.00632373695472188,0.00727881168948434,0.0138101721801826,0
166,0.00578928930853062,0.00708379719877159,0.0181089665724039,0
167,0.0247299528882248,0.024666515013178,0.0203187748743518,0
168,0.00857212523472952,0.00988814756132688,0.0240297098172931,0
169,0.00535308098138783,0.00624855800324431,0.0136440990939992,0
170,0.00479690452740131,0.00579401416647697,0.0163130047026051,0
171,0.0253290321433224,0.0239978871662098,0.0156444688344031,0
172,0,0.00141959236626374,0.0222740721289042,0.00484436998410967
173,0.0116473700336274,0.0121947424478135,0.015019584213338,0
174,0.00930205425274187,0.0110126847756894,0.0221039893807857,0
175,0.0145078031281336,0.0171650502957714,0.0172568070818059,0
176,0.00989548946113113,0.0106939645841309,0.0161976239970493,0
177,0.00685467697368075,0.00817404900549431,0.0174863253671776,0
178,0.00575181829725881,0.00647137081926322,0.0102805551487675,0
179,0.0106599186540192,0.0127266348774445,0.0189238449800811,0
180,0.754721447908057,0.755739161345602,0.763551893009581,0
181,0.0110526793013925,0.0119039416260818,0.0179336358044415,0
182,0.0121371664068816,0.0127652048754502,0.0173301888836337,0
183,0.000914383859819935,0.00225761105008564,0.0204008725477949,0
184,0.00785548081786824,0.00842423614956868,0.0110828043319968,0
185,0.0223719508141537,0.0271560991703666,0.0155193710034296,0
186,0.0109886578455746,0.0133150572713143,0.0176890597304969,0
187,0.0189421586822999,0.0207244731576853,0.0198047663338387,0
188,0.0168454539074386,0.017881981388502,0.0205391082928136,0
189,0.0190459781916014,0.021833479923112,0.0203573201757856,0
190,0.0276718037492467,0.02525203956177,0.0155546776410403,0
191,0.0090532208032285,0.0104826195437899,0.0202098432630234,0
192,0,0.000768316878023652,0.0058002977893069,0.00268627498049025
193,0.0148251574041138,0.016519669363851,0.0162536753935097,0
194,0.0189206227392632,0.0257108001891031,0.0168747853081107,0
195,0.0072658675099929,0.00829212477268369,0.0166296455830926,0
196,0.0333424136868356,0.0332683473526045,0.0223970228168582,0
197,0.00363318739266742,0.00476765240520952,0.0239227734406719,0
198,0.021949624959309,0.0230709759260692,0.0241850448309736,0
199,0,0.000972967329851637,0.00767202319797999,0.00402454346507371
200,0.0303295133161117,0.0217202965475591,0.0157755708957,0
201,0.0228310758947255,0.0240499259071294,0.0223118360142607,0
202,0.0217091986175841,0.0228202823787503,0.0215165321829961,0
203,0.00390607339894116,0.00468638567516291,0.00873164630982975,0
204,0.016493356541035,0.0181458954360639,0.0214398832241919,0
205,0.0096122814716366,0.0112231448094565,0.017611359941781,0
206,0.0395950478372639,0.0230733170709369,0.0171588208411378,0
207,0.0235215291054453,0.0288948299906552,0.0167627078610737,0
208,0.000474429139360438,0.00152371663385795,0.0104044246316134,0
209,0.0124798944199707,0.0134914558772131,0.0245008608343698,0
210,0.00234530490748467,0.00329110174270342,0.0130481618333722,0
211,0.0332622813072572,0.0201215037488615,0.0155224875457365,0
212,0.0223840645343659,0.024222396039812,0.0172595664615569,0
213,0.01746393323792,0.0199525839116681,0.0153825271567767,0
214,0.0215021755514226,0.0230716714950143,0.0175907786992099,0
215,0.0261479065105195,0.0293744805754812,0.0204401695821702,0
216,0.00744513980182256,0.00822172224605934,0.0128960818739012,0
217,0.0113719646047391,0.0125471523956273,0.0217395712619814,0
218,0,0.00109408167330585,0.0114106327577999,0.000611693690767967
219,0.0101082298779485,0.0110202469650103,0.0161658581101027,0
220,0.00420305923286398,0.00603491953174611,0.0162975336721992,0
221,0.0151478985269937,0.0162762898861682,0.018978089987234,0
222,0.00385608210777742,0.00517052927970268,0.0238514365072513,0
223,0.0237554592762107,0.0261172874471624,0.0180953339080539,0
224,0.0164888573094802,0.0175508844503957,0.0188274793155782,0
225,0.0164970359195288,0.017423622494603,0.0192089882850809,0
226,0.0136172946678671,0.01532069229517,0.0227928892600592,0
227,0.00677965539463156,0.00737755127538371,0.0104909058915991,0
228,0.0125146500468207,0.0132352168890676,0.0180211158540833,0
229,0.0293616466679527,0.0264714206096925,0.0180737892926718,0
230,0.0105296456667995,0.0114019860137534,0.0190853422226238,0
231,0.00833411872456949,0.00910331251476088,0.0128249002767733,0
232,0.00178915268046274,0.00332141831601252,0.0221369123667214,0
233,0.0107310383681018,0.0114304497612664,0.0155661958945109,0
234,0.0259222430155323,0.0272868072112403,0.0207723067416897,0
235,0.011743974966325,0.013787000239624,0.0162514253485589,0
236,0.0102162022228982,0.0109208938746375,0.0145890321864964,0
237,0,0.00151982692776879,0.022945455728044,0.00374401982958273
238,0.0134027859741908,0.0145190525288735,0.0201976281810492,0
239,0.0338020086379055,0.0259239348821413,0.0183507560593252,0
240,0.00431894754142263,0.00614662266520997,0.0162939983295704,0
241,0.0147462886356968,0.0158691811423847,0.0203292688075807,0
242,0.0152727811694842,0.0164142413961546,0.0202739448910605,0
243,0.00193047172253941,0.00315710534180495,0.0151170017207152,0
244,0.00974500518620455,0.0109428378603078,0.0218927203348264,0
245,0.0189343395700512,0.0197920375448705,0.023883186957651,0
246,0.0175157915926691,0.0189426334810841,0.0229463437066601,0
247,0.0309140538888063,0.0206860828847368,0.0155593855063822,0
248,0.0182857856749086,0.0192670526681012,0.020214487253663,0
249,0.0218410528589933,0.0245123773411528,0.0212948394690286,0
250,0.598276793311776,0.59925693616894,0.603701893594718,0
251,0.000406982574332068,0.00138747744643394,0.0249624152601427,0
252,0.025173819400442,0.0279651316417316,0.0219663092018861,0
253,0.00231656314840036,0.00316586961213957,0.00785090213893664,0
254,0.021245527943998,0.0241921336137342,0.0168673498570168,0
255,0.021401575671217,0.0233146688601509,0.0176214276424322,0
256,0.0132463083259796,0.0153382753828088,0.0184173508066866,0
257,0.0197642894383625,0.0209394309733531,0.0192469940602202,0
258,0.00987350510844831,0.0107412220383659,0.0181869009527977,0
259,1.51170335982474,1.51300953131272,1.51605189629886,0
260,0,0.00102802625300172,0.00927735244474444,0.00431941294338549
261,0.355854916089475,0.356665532235591,0.360849093029205,0
262,0.00294048999307992,0.00430445163337542,0.0143028158013995,0
263,0.0109223016632028,0.0127579311840875,0.0161827441644734,0
264,0.00119226154942439,0.00217469765586473,0.0151532084906475,0
265,0.0287271488104062,0.0303311712702263,0.0222307163175046,0
266,0.00161504830087045,0.00270329272511136,0.0120567109304945,0
267,0.01879692193857,0.0199945194234259,0.0216933105130045,0
268,0.00884468374947168,0.00959910163217088,0.0143697242081815,0
269,0.00609558396399566,0.00681561718975546,0.0107378260624485,0
270,0,0.000968898178132817,0.0165677804362777,0.00199102945780304
271,0.0072666143999044,0.00797719566179642,0.0122365130577447,0
272,0.0106593984276882,0.0110338598761154,0.0127379481756073,0
273,0.0224001187195672,0.0266432875624964,0.0198776791086551,0
274,0.00224582148238105,0.00292047023659654,0.00670485193448252,0
275,0.0203269015097697,0.0214132000034924,0.0210729036869088,0
276,0.0138896936559563,0.0149202429742369,0.0182620657513591,0
277,0.0298904620246283,0.0310986451365236,0.0225294910063281,0
278,0.0168915916310928,0.0180146070869903,0.0241715116638793,0
279,0.0185085517418213,0.0221849833093387,0.0161965690804985,0
280,0.0241600811038326,0.0319688890821424,0.0159571759838028,0
281,0.0233095185822575,0.024278280842221,0.0220160163433836,0
282,0.00780059292886824,0.00866021163526755,0.0174605338836498,0
283,0.0153060443583043,0.0161500025448367,0.0188434823548814,0
284,19.0428577960932,19.0436949489611,19.0331211292866,0
285,0,0.00138250487116279,0.0182370181260043,0.000434865592956073
286,0.0202683140634841,0.0220706945217032,0.0210121420387728,0
287,0.381814473086377,0.383234172004378,0.387055723578237,0
288,0.010601382471207,0.0109291371686316,0.0125280266973518,0
289,0.000803591621366541,0.00178944865320174,0.00842156732372333,0
290,0.0153327356897309,0.0165604202404977,0.0161279963750101,0
291,0.0246748253655157,0.0302487378073705,0.0160303207939499,0
292,0.00973762178416377,0.0106513841678364,0.0161283529386031,0
293,0.00563344007494627,0.00636880892889034,0.0103358771484401,0
294,0,0.00106772083976427,0.0108779004455224,0.000297622410810904
295,0.162585278792777,0.163161994443622,0.165896311454406,0
296,0,0.00109335049843449,0.0190956316354218,0.00183446376197113
297,0.0262699056262456,0.0301117877612325,0.0186045672189266,0
298,0,0.00135075961281621,0.0262992873541552,0.00267432250951076
299,0.0133546528747803,0.0144022905764451,0.0225500917630889,0
300,0.0267261434983256,0.0299952861306388,0.0165331472643528,0
301,0.0139235263051694,0.0149157627924529,0.021448944374671,0
302,0.0387995872755474,0.0239599938461897,0.0179453707334108,0
303,0.0208508910459921,0.0218149558496125,0.0235279724150949,0
304,0,0.00175440289122725,0.0170296928459372,0.000690537487975353
305,0.00976382918907616,0.0110604226615915,0.0202107103156746,0
306,0.0121565114715116,0.0131066674420012,0.0211874009242277,0
307,0.014718700404379,0.0160837241849295,0.0172211620975189,0
308,0.0261442777471045,0.0279610911358376,0.0218565232124503,0
309,0.0106994654373428,0.012538469975761,0.0162228037406226,0
310,0.0100520880341677,0.0137708651717897,0.0157052786362479,0
311,0.0139691929062413,0.0149661536816563,0.0217452125635942,0
312,0.0224235249312199,0.0250734855470284,0.0170387346286631,0
313,0.0265184828615817,0.0279762811677756,0.0199534037673179,0
314,0.0124535630841337,0.0136397296381538,0.021893501586652,0
315,0.0154989319373604,0.0169084949422276,0.0214476948921506,0
316,5.23550879293326,5.23652158835458,5.24181867247127,0
317,0.00384011922488849,0.00495338651644619,0.0183330016195318,0
318,0.00680599535672669,0.00827076258748164,0.018444047510138,0
319,0.0220654643411002,0.0233817363444645,0.020197592466174,0
320,0.0117117317241669,0.0129211327516226,0.0192098422173099,0
321,0.017653899540252,0.0185368115173068,0.0217738701986483,0
322,0,0.000938025164625801,0.00762659206562055,0.0106434753298059
323,0.00217758789679888,0.00356353302587252,0.0193236674618013,0
324,0.0316263379233084,0.02375197761807,0.0171278662008967,0
325,0.0291532890344781,0.021219401033988,0.0156166570272677,0
326,0.133855557600573,0.135141674901391,0.145849459380377,0
327,0.031510476626714,0.0322549480299282,0.0228369591920964,0
328,0.0340322249557641,0.0247449253837604,0.0179369876185394,0
329,0.0142930740000649,0.0155979174555879,0.0236893564153894,0
330,0.0152038045743307,0.0169030499708389,0.0157361935844643,0
331,0.0320298044535759,0.0280967335525687,0.0197511832779648,0
332,0,0.00114912867682275,0.0123268191643362,0.000319166095350598
333,0.0119099056960223,0.0148040322012553,0.0160839334921984,0
334,0.0241827083421211,0.0251620793892088,0.020645310984518,0
335,0.00437674840988818,0.00603047755379705,0.0170345677477364,0
336,0.000951160256927819,0.0019655575489869,0.0194223192007272,0
337,0.0165827495611881,0.0176587771587284,0.0213896932617963,0
338,0.00988219687930475,0.0104647967810232,0.0134922037864904,0
339,0.0109136737391553,0.012013914939209,0.0190579447039334,0
340,0.0182165716875982,0.0203660490648094,0.0193365542171292,0
341,0.017237246064734,0.0190275793815064,0.0177615659425232,0
342,0.0130016738877024,0.0144320099808182,0.0162233995084792,0
343,0.0105870729234495,0.0114191460347953,0.0168645325862921,0
344,0.0144491809385889,0.0164388683425879,0.0192023670929303,0
345,0.0323035756091352,0.0343183490110378,0.0221542550137796,0
346,0.0320638857581861,0.0248029872688561,0.0172797234535389,0
347,0.0232386819576631,0.0255843918415041,0.0171848383898508,0
348,0.00632720840475731,0.00722581811893454,0.0172812244389968,0
349,0.191651003970509,0.19286434252371,0.200448752495491,0
350,0.0239054900035802,0.0275804660014952,0.0155312470685308,0
351,0.00365894484192857,0.00475708273801359,0.0201836532708016,0
352,0.0136525522507016,0.0159631020760792,0.0168156855314424,0
353,0.0126924274762447,0.0143502556772112,0.0164191510844687,0
354,0.00805719054987876,0.0088081630443314,0.0131631068474475,0
355,0.0162549627651974,0.0189131173803136,0.0211551009884346,0
356,0.0175192707759987,0.018724457863302,0.0227620621929993,0
357,0.0207465734647311,0.0215784535794595,0.0226773843206492,0
358,0.00624389783324954,0.00701000771592403,0.0115688879853182,0
359,0.00543154518252641,0.00689336785700009,0.0178474781931819,0
360,0,0.0011352503374318,0.00956760786398075,0.00584071446072482
361,0,0.0011691337423042,0.0119575520736929,0.00872407344854052
362,0.0113344087824997,0.0125502874650912,0.017140313067077,0
363,0.01524796666256,0.0168635694528006,0.0180410614429428,0
364,0.0140481682155892,0.0147662493857432,0.0192804996740057,0
365,0.0150066060983174,0.016969838946829,0.021989682525949,0
366,0.00126633140926505,0.00293658153947217,0.0173004768086496,0
367,0,0.000897590370185011,0.00698077246845312,0.00456396729214566
368,0,0.00204878883860631,0.0181776907252861,0.0011841504150831
369,0.0245542895502379,0.0186869992028962,0.0148433249258189,0
370,0.0110214201135697,0.0128685442522904,0.0177526416267562,0
371,0.0153839349472817,0.0163950817068934,0.021646526229068,0
372,0.00589052438811162,0.00654819811288483,0.00971900992566667,0
373,0.00417532196873283,0.00512423006723868,0.0180831612795859,0
374,0.00976855522243704,0.0113617376064379,0.022022524791655,0
375,0.00994377011166139,0.0106141265781372,0.0146555697582624,0
376,0.00446899166500288,0.00518724532671891,0.00881227693248932,0
377,0.0054225195505016,0.0061582040344572,0.0101247955351706,0
378,0.0281559353770957,0.0310255631321031,0.0207139130572437,0
379,0,0.000839641260783584,0.00665050091879857,0.000811845241519997
380,0.000787003263395182,0.00186450016517547,0.0098928436045055,0
381,0.0155792214333685,0.0174467556857692,0.0163798941630352,0
382,0.0174347912556629,0.0194514071481526,0.0198679189819004,0
383,0.001954001797272,0.00363260645485053,0.0168278201031445,0
384,0.00607927455764416,0.00676130009999602,0.0104767645956568,0
385,0.0195388619797044,0.0213504869219079,0.0210872212454439,0
386,0.0283082901276769,0.0235036274190466,0.0167625445551068,0
387,0.0210493161934554,0.0222310022578347,0.0207796132365354,0
388,0.010767068174201,0.0122219613473821,0.0162512834783896,0
389,0.0252280446977554,0.0276489507517548,0.0170786989612303,0
390,0.0269349832784613,0.0218811023714957,0.0155800290399171,0
391,0,0.000910407870653766,0.00733464377757666,0.00705611000005864
392,0.0143029178226928,0.0155339984143703,0.0223340852113091,0
393,0.0205005650219011,0.0222403540029629,0.0193642466793808,0
394,0.00142109700746665,0.00227860272382857,0.00804933211695964,0
395,0.00634520773078258,0.00728386855189421,0.0129016991019985,0
396,0.0299117381736024,0.0284135862146975,0.0220485402635527,0
397,0.0174196550557216,0.0197605134534446,0.0167933455778305,0
398,0.226806043929598,0.227454287094187,0.229124782404828,0
399,0.0225368709774198,0.0247101267192304,0.01851107408028,0
400,0,0.0022186283662762,0.0184054114517564,0.00154908783612664
401,0.00843776400506745,0.00931850735453056,0.0156308174414455,0
402,0.0258828529698023,0.0278061576145823,0.0218096098483702,0
403,0.0117148377938104,0.0124238831656023,0.017700853573523,0
404,0.0229628323934351,0.0246077544879456,0.0195842235090937,0
405,0.00639672104352483,0.00762986991543721,0.0185272849724674,0
406,0.00338001108852748,0.0042670829620414,0.00997711485451094,0
407,0.010309029924168,0.0112876406492568,0.0178294075313053,0
408,0.00974857710131537,0.0122857224705734,0.0156473214617882,0
409,0.00607354428260008,0.00725426305422268,0.0187693900040397,0
410,0.0130468789730166,0.0144209776090033,0.0206207162574982,0
411,0.00893780885190091,0.0101588735857794,0.0236346294282828,0
412,0.00185121414076943,0.00311527866140398,0.0169373222774175,0
413,0.36354348105137,0.364227731176195,0.368384567943242,0
414,0.0197474702696813,0.0206824619164069,0.0237239032678836,0
415,0.00678824860813026,0.00751616557821789,0.0114718620425605,0
416,0.0032626720825385,0.00467165936278358,0.0182272387622021,0
417,0.0137476568035704,0.0146363776986848,0.0211199572575693,0
418,0.0148285486890446,0.016232211470589,0.0173640062939898,0
419,0,0.00106101382562872,0.00885560500839228,0.00870169958426316
420,0.00709150650062613,0.00952371546878131,0.0170817257275613,0
421,0.0206790530544994,0.0240852345990234,0.0167781863348459,0
422,0.0046458877335199,0.00592613924826933,0.0149221089119263,0
423,0.0155409986606206,0.0161436891779018,0.0190651910931153,0
424,0.0274139893083103,0.029005491349219,0.0207573100980167,0
425,0.0142745069600884,0.0160104151678202,0.021678166672931,0
426,0.0144777627194044,0.0161067730431321,0.0188562377296767,0
427,0.0168959997503056,0.0182952728832608,0.0179887863043509,0
428,0.00662384794788732,0.00726619030680759,0.0105176874295249,0
429,5.26013277637113e-05,0.000879994020848041,0.00589076289906873,0
430,0.0269568938142366,0.023857205068572,0.0167118126837546,0
431,0,0.000933735791665967,0.00786245117075184,0.00608913697084616
432,0.00411237019436069,0.00520674992157791,0.0179591292108055,0
433,0.00697283860826388,0.00818538451991846,0.0185714763932696,0
434,0.0113856270116393,0.0134127437511592,0.016369204005216,0
435,0.0216599840136284,0.0227947484912184,0.0210431664218707,0
436,0.00295217158386443,0.0040759686864811,0.0118071371519595,0
437,0.0104384570850507,0.0114199969240852,0.0221068756902146,0
438,0.0168294236221227,0.0176055412290699,0.0215122187631027,0
439,0.00968453446524514,0.0112720660439274,0.0173121156292451,0
440,0.00441413071491614,0.00513110314104318,0.00888432837845418,0
441,0.0190174387694194,0.0199484552489042,0.021306899004441,0
442,0,0.00093152550633948,0.00686488309517523,0.00497525075967181
443,0.34626711601507,0.346162465910428,0.341077605958681,0
444,0.0170031029702496,0.0180874457431176,0.0179236084285023,0
445,0.0198895070603351,0.0207110003504034,0.0227456490324518,0
446,0.00115117999700989,0.00191486203194152,0.00659647342806691,0
447,0.00837293651340679,0.00913823523848539,0.0132606721400687,0
448,0.000251403445832125,0.00191639351121854,0.0170444249153259,0
449,0.0189528618354815,0.0198337642892215,0.0216851963174757,0
450,0.0083058970171446,0.00986124359427794,0.0163485758445061,0
451,0.028502320245015,0.0299994674909951,0.0219065743124245,0
452,0.0138602261400098,0.0145662821584705,0.020695496510621,0
453,0.0102283956669978,0.0117555441389698,0.0175105089847927,0
454,0.00134394225519659,0.00344089065853578,0.0159011713812459,0
455,0.0271744296007877,0.0289486560880529,0.0217723028933503,0
456,0.0105508291293175,0.0118857075470533,0.0213633893788383,0
457,0.019188483223133,0.0211584627932806,0.0222371414164361,0
458,0.018835934516671,0.0241333720168438,0.0158307677903266,0
459,0.0206643137850404,0.0217234245801439,0.01844841224769,0
460,0.0226194418544912,0.0238862593930576,0.018738409315273,0
461,0.0263489152791237,0.0305577698518545,0.0174596926339412,0
462,0.0146350923808812,0.0162850586204262,0.016835075499651,0
463,0.0305542356110916,0.0331983329128909,0.0215318098596006,0
464,0.0119114455339602,0.0134457446319732,0.0187764015000734,0
465,0.00919398935241023,0.0101060825678195,0.0184970621293888,0
466,0.034177110991498,0.0267415031062532,0.0180724682502981,0
467,0.0357749142122131,0.0227165573007819,0.0170543277804075,0
468,0.0178737614535786,0.0194438629121605,0.0225467543028621,0
469,0.0143002208099419,0.0149197788639153,0.0186281447523007,0
470,0.0283477037929278,0.0210858397285548,0.0155658179610219,0
471,0.0184043276059555,0.0202261108622765,0.015922318838414,0
472,0.0235086317942248,0.0295430921697713,0.0175357129001013,0
473,0.0105906297991831,0.0116374920362095,0.0172577194300357,0
474,0.00240907824068989,0.00329750890788216,0.00932061865689535,0
475,0.0200161886689572,0.0213943198419225,0.0180705132676937,0
476,0.00396209762379327,0.00474892821923885,0.00916397038344335,0
477,0.011262276613502,0.0131478889700788,0.016715459284569,0
478,0.0186268774143802,0.0206096687794827,0.0164100570930802,0
479,0.0192589892955762,0.0206305556289018,0.0231331306120524,0
480,0.0162340143634952,0.0192604406905966,0.0176933694132547,0
481,0.0220921392576458,0.0230121319760547,0.0221509436836516,0
482,0.015039780334668,0.0166984034145842,0.0161757490929292,0
483,0,0.00104317599790487,0.00863291527389904,0.00400387812745132
484,0.0156488884109549,0.0170304555837521,0.019960232242642,0
485,0.0124234559753842,0.013629415089586,0.0224882109705659,0
486,0,0.000840764785404027,0.00570178829154291,0.00334744036415303
487,0.0176834792319681,0.0185143980502727,0.0208941583119829,0
488,0.0228610006143,0.0251719152655421,0.0180183897344118,0
489,0.00368667594148641,0.00463324609584119,0.00962559437182171,0
490,0.0206678866247841,0.0221201351725387,0.0216528106649589,0
491,0.0288010096735774,0.0203397569695577,0.0150725466337381,0
492,0.0114099391788351,0.0122606603287176,0.0187396826929353,0
493,0.0141170891955976,0.015821197623685,0.0190393229811231,0
494,0.00925946344484899,0.010521236597465,0.0239984311372236,0
495,0.0243123166567981,0.0257254297079308,0.0157293101029062,0
496,0.0294944976335986,0.0195299946420179,0.0151650341293073,0
497,0.0201188376235314,0.0218929135645655,0.0174702561699105,0
498,0.0333670565784667,0.021290434803748,0.0162188529876788,0
499,0.0195901771970733,0.0207670902933924,0.0171119665779114,0
500,0.0204180310300785,0.021627646305048,0.0219220632941685,0
501,0.000997712118557467,0.00183690193143229,0.00627351374413503,0
502,0.0217882710653226,0.0244452232620379,0.0185962283516871,0
503,0.00594069239769125,0.00654304430110753,0.00960616917560998,0
504,0.0133790917773891,0.0140740014291195,0.0183800390252073,0
505,0.00279549030813165,0.00376385890752394,0.0125926873489795,0
506,0.0193307536546654,0.019879705898208,0.0217257301501217,0
507,0.0327505836144972,0.0249496880518006,0.0176491813525796,0
508,0.0255944641433644,0.0285098786182599,0.0202694716671983,0
509,0.0303292591167102,0.0226085429059429,0.0159051347216088,0
510,0.00996503157910405,0.0114928076627941,0.0202996156046196,0
511,0.0137617113024864,0.0143738090681476,0.0188161067972698,0
512,0.00986109993375833,0.0105386046742899,0.0143085811482543,0
513,0.00251423184954947,0.00385365772078863,0.0156288954747538,0
514,0.00113537863964029,0.00230409837653838,0.0177972288691276,0
515,0.0182205218841124,0.0195194854938165,0.0210011948188801,0
516,0.0151768206242441,0.0163829114798423,0.0203814652202318,0
517,0.0168647912920823,0.0199657386314869,0.0166636180750523,0
518,0.00205975703985985,0.00345990113704415,0.0177482749925183,0
519,0.00558387479554935,0.00630735227861613,0.0101503984284754,0
520,0.0261035331616181,0.0289686189840336,0.0222236382048172,0
521,0.0107925562140465,0.0120268859580692,0.01924505113803,0
522,0.0169593683282869,0.0185572870958044,0.0220966877831815,0
523,0.0120560290251905,0.01387361466432,0.0225332180637888,0
524,0,0.00096483485336215,0.00894590189194761,0.00846192760840813
525,0.00116643787970651,0.00364810701083763,0.0159966151777522,0
526,0.0214165987521005,0.0223539833717557,0.0200479185378026,0
527,0.0128806659171077,0.0132941821253122,0.0153724141413927,0
528,0,0.00123213161310107,0.0118605979655721,0.00373483303276047
529,0.0212893742910617,0.0224368958872428,0.0243479341438889,0
530,0,0.00103541715142978,0.0178702371024171,0.000213371403806395
531,0.013578986290274,0.0148490996857562,0.020110146637328,0
532,0.00241392986150207,0.003561868276429,0.0111705835381987,0
533,0.0283841817342528,0.0265761957382916,0.0191179114940974,0
534,0.028282519676745,0.0355738728265014,0.0158693108904738,0
535,0.00299428798593314,0.0042805577703226,0.0214301668042432,0
536,0.0134922270928151,0.0147754302053052,0.0234641220630956,0
537,0.0192822695579568,0.0204632879348089,0.0203113232019519,0
538,0.00713701613800372,0.00806601713075977,0.0139676481429082,0
539,0.0259999355556309,0.0274180695870384,0.0222260646049801,0
540,0.0369098686301579,0.0361309691466758,0.0223281288645649,0
541,0.00505218988593355,0.00607483630653203,0.0162795047098608,0
542,0,0.00123429489677588,0.0114370668816785,0.0047666594936897
543,0.017153701895179,0.0190513577480357,0.0190867883027878,0
544,0.000949387305743128,0.00171664090531714,0.00642393407174846,0
545,0.00900488887532469,0.0106089996626196,0.0164732643724907,0
546,0.0206416567252116,0.0220417263717734,0.018936096622391,0
547,0.0229806322567974,0.0266434602712111,0.015560446247683,0
548,0.00338166850934951,0.00415642695030852,0.00838906808273367,0
549,0.00950088200112014,0.0110843128215992,0.0167229187545422,0
550,0.0329310025956989,0.036342971246346,0.0215588954543137,0
551,0,0.000842976248987243,0.0057446203650206,0.000197737546969175
552,0.0175505525932894,0.0211580867476084,0.0160768398090184,0
553,0.0192884412408257,0.0203494764997468,0.0203144679547576,0
554,0.0211465531918229,0.0345228855143663,0.0158847415363801,0
555,0.0221175680229954,0.024203120349616,0.0171485078999811,0
556,0.0234664437710236,0.0232021978147944,0.0167537019786596,0
557,0.0418399976833786,0.0255995025998875,0.0185790573515176,0
558,0.0139276668874354,0.0169815705771081,0.0181776789245604,0
559,0.0133353070721515,0.0142693820081992,0.0239562410880419,0
560,0.018491949687779,0.01988005482832,0.0196131384984652,0
561,0.0146055241825615,0.0155998352735773,0.0259320108019102,0
562,0.0244491671914953,0.026719572940754,0.0209699900538421,0
563,0.0108255637083698,0.0117641558824134,0.0174410509238935,0
564,0.026085391019612,0.0270800040131594,0.0183223974135455,0
565,0.0135206693811328,0.0153643344608033,0.0176395691460809,0
566,0.00672519970651815,0.00811286718570928,0.0209502705485325,0
567,0.0122643552546572,0.0129919928203881,0.0180860891090288,0
568,0.00653364058677514,0.00776464175966544,0.0174473610757457,0
569,0.0116826038127104,0.0135093183693124,0.0154784944531822,0
570,0,0.00102454215827109,0.0105733673017007,0.0079641812580787
571,0.0172764233914487,0.0190005810156163,0.0179607317128764,0
572,0.00261162024417543,0.0034566687129093,0.010244166624397,0
573,0.0158955439242282,0.0169543242080081,0.022901222130652,0
574,0.0180808134128064,0.0190947187996754,0.0183948694555731,0
575,0.0165143053473111,0.0192565842782357,0.0175921354094857,0
576,0.0211950839247634,0.022344588292945,0.0224161357862162,0
577,0.00728701736995238,0.00788816982468702,0.0106973884862395,0
578,0,0.000822632333604266,0.00516314038944744,0.000944811871730809
579,0,0.00187279974568418,0.0184099020964038,0.00186420130357865
580,0.00778503859936547,0.00904892550419983,0.0218096245300888,0
581,0.0235558839062575,0.0245949634998819,0.0204822680094874,0
582,0.01314430660922,0.0145900447010733,0.0194374392392018,0
583,0.0345964353833712,0.0193752561541927,0.0151050299174365,0
584,0.006763232454914,0.00849552334620891,0.0194852389144609,0
585,0.0200038082962971,0.0216849170510872,0.022342586933897,0
586,0.0310564880991494,0.0219453489375874,0.0155503379131881,0
587,0.0141914746582193,0.0148761252846426,0.0193505096202382,0
588,0.024748509203794,0.0257873386288047,0.0211849833281273,0
589,0.0246701833828482,0.0281104936116827,0.0162356087036331,0
590,0.0362606618641139,0.0230067369203518,0.0164253663442745,0
591,0.0129035338153298,0.0159132117902124,0.0158724776200999,0
592,0.024180565005101,0.0264204795295796,0.0163887212406116,0
593,0.0152191994471308,0.0161856604394395,0.019671657287937,0
594,0.238243073881042,0.239095910102325,0.24498234353884,0
595,0.0178534542030835,0.018898067026339,0.0217639960694412,0
596,0.0241429884201407,0.0281493477696556,0.0176488351312826,0
597,0.0177100669838543,0.0189833436128013,0.0190492123295981,0
598,0.0175176583086086,0.018587836209742,0.0194717200416856,0
599,0.195706156050296,0.196543934715211,0.202005203953782,0
600,0.0321296106972627,0.0223876532788023,0.0166123319480173,0
601,0.013509629332358,0.0147830163347461,0.0189161058417499,0
602,0.0124498369331653,0.0139996593815502,0.0155700789083614,0
603,0,0.00184881395408008,0.0180640649351993,0.00200994951111393
604,0.0320422380131744,0.0402565449148342,0.0160794484996708,0
605,0.0162570083030786,0.0175427772567503,0.0220815575547679,0
606,0.0237698544291191,0.0240816533752702,0.0216674798730197,0
607,0.0106784843509875,0.0116784493734307,0.0189384521267165,0
608,0.0285438668873282,0.0291612749246035,0.0192614670381071,0
609,0.00981820476013673,0.0104850130961329,0.0143646521384004,0
610,0.00645915423785288,0.00744422239808425,0.0136405414972452,0
611,0.0151940398130558,0.0178318888361949,0.0165176877406372,0
612,0.0296090196934277,0.0324549525721641,0.0191179824356985,0
613,0.0351315471360175,0.0302081959404363,0.019669896170385,0
614,0.0290971865553279,0.027566530787189,0.0193220052688101,0
615,0.00581923304206488,0.0075646552235,0.0169015129099923,0
616,0.0198853263261924,0.022549588885485,0.0157027461563818,0
617,0.00468004151344573,0.00593324299042961,0.01886399850608,0
618,0.00798247548265006,0.0100972804654949,0.0173090532975745,0
619,0.0101407079268037,0.0109326373515214,0.0181403058560693,0
620,0.0210903274026387,0.0234790137149819,0.0194481389170677,0
621,0,0.000882872349272458,0.00624646075304244,0.00145582277605434
622,0.0256546089066414,0.0312085781285391,0.0170376474068914,0
623,0.0105230973904185,0.0113710632172378,0.0173691598574165,0
624,0,0.000748119973105345,0.00529779348431545,0.000480911987164608
625,0.00576361792634008,0.00681191673613262,0.0187011168200175,0
626,0.0132887790146836,0.0146368453035703,0.0202428072730321,0
627,0.00872089595984667,0.00951163439751659,0.0206816835219519,0
628,0.741518378488641,0.742208829234187,0.745534758793832,0
629,0,0.00117559769767854,0.0139454129036621,0.00152091319180722
630,0.0242731362134356,0.0215540279210579,0.015510044638534,0
631,0.00640717675932327,0.00775664022823502,0.020384679836965,0
632,0,0.00200675945799059,0.0211672705665856,0.00412572469627169
633,0.0126642213812448,0.0137612258989359,0.0193909624649176,0
634,0.00704507091469548,0.00843632883199136,0.0162373820632077,0
635,0.00140947946108149,0.00277929608853723,0.0141135280388957,0
636,0,0.00109538122282966,0.00861582210596994,0.00882997187517509
637,0.0121815813628195,0.0143348048843341,0.0198859951935188,0
638,0.00512389144261052,0.00586306634554481,0.010170157098671,0
639,0.0143273575440215,0.0148580876161321,0.0174969708758976,0
640,0.438517817123275,0.439098425224361,0.441994230290215,0
641,0.000296253533833037,0.00134935223404954,0.0176330141859277,0
642,0,0.000994987256886938,0.0083764088750569,0.00110529129663695
643,0.0111448256321529,0.0120408026754951,0.0175239754976265,0
644,0.00447481501717738,0.00588143394724017,0.0183202995926439,0
645,0.0247952842896429,0.0257934989047675,0.0208830961839046,0
646,0.00764298737625481,0.00838497734719928,0.0125294824206782,0
647,0.00391208346463931,0.00505309131687733,0.0165237586496019,0
648,0.0233136091836197,0.0250700794965614,0.0179848365536311,0
649,0.0298395900154264,0.0313264188731466,0.0207973789123988,0
650,0.0303468757617424,0.0298389172005211,0.0209361210240986,0
651,0.0245854175177027,0.0252789267388455,0.0228228643759348,0
652,0.00291991700705726,0.00359928245056043,0.00737258054692922,0
653,0.20620331549244,0.206813748098141,0.209864509185337,0
654,0.00719366049430985,0.00789760752518693,0.0119296397620831,0
655,0.000360302430294793,0.00171750570854877,0.0176568945043602,0
656,0.011864219697471,0.0132957813602026,0.0167105248820941,0
657,0.00614549939510294,0.00756874515603491,0.0178935587003534,0
658,0.018367472310729,0.0195258941744352,0.019930775768114,0
659,0.0106522193838757,0.0127722644487982,0.0181439743384961,0
660,0.0166204956567706,0.0172902072906864,0.0211436347710316,0
661,0.0145621211193976,0.015410442559936,0.0216039714642331,0
662,0.0132975371643659,0.0150415312978063,0.0162513548378748,0
663,0.014979382854842,0.0168466635858988,0.0156394352499388,0
664,0.0103602468470658,0.0111308369230507,0.0164562949027999,0
665,0.0181391457802694,0.0188452324606449,0.0198046733120916,0
666,0.0035195457259146,0.00464706375046436,0.0163528186136004,0
667,0.0242553125455718,0.0250922411113173,0.02533720142792,0
668,0.0095832141792502,0.0113412057367622,0.0185732615771058,0
669,0.0170402867385751,0.0182168478119226,0.0202422207319061,0
670,0.023162177954081,0.0268992639079943,0.0169606008152335,0
671,0,0.000920109850253009,0.00696552124198666,0.00143217149743492
672,0.0996986226919732,0.100437803834843,0.104007087823965,0
673,0,0.00116079290887854,0.0103755129428874,0.00604636269148372
674,0.0202991654092994,0.0223050206958691,0.0166180823140049,0
675,0.00530369699185726,0.00607360441280781,0.0100169952789659,0
676,0.0132296792576418,0.0154862071047309,0.0154369996148169,0
677,0.0205599075812578,0.0216887399124588,0.022070191055444,0
678,0.00715436948087515,0.00840605755896216,0.0188673864474763,0
679,0.0176245370668247,0.0183684735891391,0.020323401225317,0
680,0.0115482256953012,0.0125602775866863,0.0164967614638145,0
681,0.0151933724933954,0.0169223501926032,0.0188234143502922,0
682,0.0184161532679178,0.0195661293671277,0.0233898614868353,0
683,0,0.00100401612314158,0.00883066633622128,0.00549173165207668
684,0.0326837746718025,0.0213438208976319,0.0154969846878229,0
685,0,0.000963335277687577,0.00811292734452983,0.00441012301441281
686,0.00775180955873066,0.00919882582306389,0.0171734419744005,0
687,0.0184085331111169,0.0184302013902389,0.0174901811404787,0
688,0.016427560892612,0.0197593950097936,0.0158539620287694,0
689,0.013848942643965,0.0152182459936218,0.0183472686488095,0
690,0.0133597932704186,0.0148272189779539,0.0222560465825999,0
691,0.00650370195406502,0.00755064236164844,0.0210838636700584,0
692,0.0271288166710562,0.029241680872409,0.0187432164838288,0
693,0.0217508141437064,0.0227791618546035,0.0188645856116924,0
694,0.010475045556296,0.0127774079319492,0.0163643527630699,0
695,0.0355273852661235,0.036605817056772,0.0176280642332458,0
696,0.00673259809067738,0.00830936826512475,0.0163809561492807,0
697,0.00541955371888603,0.00607303595624323,0.00944151170334371,0
698,0.0150607164503297,0.0160508633815446,0.0214689898306273,0
699,0.026745714597217,0.0284694367530987,0.0193357390905768,0
700,0.0165254803038945,0.0178584939647391,0.0233946414109284,0
701,0.0202579028878059,0.0208518026187648,0.021660163019538,0
702,0.0294964543818288,0.0318636525802837,0.0201380092637328,0
703,0.0103113032200061,0.0111505155285246,0.0183654917436427,0
704,0.013616994495924,0.0148881926213149,0.0200134541600019,0
705,0.0150152187781595,0.0161947215376509,0.0229668972644119,0
706,0.00826732323909134,0.00975455281118823,0.0230778375988068,0
707,0.00341350807263956,0.00424619454844563,0.00916704143112265,0
708,4.35939583246795,4.36025452363208,4.36498575590091,0
709,0.0151902371740917,0.0160257182666229,0.0204790177205182,0
710,0.0189001235729667,0.0211009869780362,0.0211639118638905,0
711,0.0267150512884675,0.0358411735032741,0.0166278970247379,0
712,0.0220152166979132,0.0227947076726266,0.0222758119855045,0
713,0.0296781083411721,0.0321466202220098,0.0196220253731445,0
714,0.00855708024717768,0.00957455688963722,0.0219939361040338,0
715,0.023927310935561,0.0252868667107181,0.0216978308199966,0
716,0.0405307635702109,0.0342702671730322,0.021116205115723,0
717,0.0098330886784797,0.0104063821389993,0.0131110301269321,0
718,0.000103896771456606,0.00165919918747318,0.0172361932917581,0
719,0.0234441872739191,0.025004857279714,0.0230279007309479,0
720,0.0165567934427053,0.0204255767968427,0.0161316291495534,0
721,0.0284251813224036,0.030906027536945,0.0175943741658665,0
722,0.0172274057059679,0.0193764326144166,0.0177228062516014,0
723,0,0.0012563441997153,0.0190142530725808,0.000956356159465169
724,0.0360382591339716,0.0262826246468728,0.0191957055628508,0
725,0.0171247532815511,0.0190651666849297,0.0158174552774032,0
726,0.0050359075209039,0.00598817101285034,0.0116666410380826,0
727,0.0218996274210291,0.0255819843611753,0.0193301322044027,0
728,0.0172445320112333,0.0198073565169176,0.0164750935381747,0
729,0.0160416118655739,0.0172972616516828,0.01619812224554,0
730,0.0144033559139705,0.0150357896646462,0.01827402343191,0
731,0.0211488642231995,0.0229675517437119,0.0223182909095595,0
732,0.016218742051078,0.0174958587284701,0.0192215479592157,0
733,0.00357027165527413,0.00496964797874837,0.017185312270703,0
734,0.0276620095618894,0.0230479864473463,0.0158424573406482,0
735,0.00778754892663671,0.00845026225888447,0.0120014775934999,0
736,0.00767871453981517,0.00934020645831492,0.0207984850628004,0
737,0.00731526085006021,0.0084829564650021,0.0150111957789788,0
738,0.00916992952766672,0.0102067398226863,0.0185636678444804,0
739,0.00118615081369176,0.00199114365807145,0.0062611189134765,0
740,0.00201196013850622,0.00279600901396479,0.00704451955209561,0
741,0.0222208217565288,0.0236603847188689,0.0190596847464505,0
742,0.00570548289576445,0.00671166130527601,0.0139742497333775,0
743,0.0237375610896485,0.0299126656496505,0.0165250616072911,0
744,0.0209362899327312,0.0238705597260023,0.0163175989225205,0
745,0.00573294933015688,0.00792719949006305,0.0162184915380977,0
746,0.0107155520805688,0.0124107173935016,0.0161909521699849,0
747,0.0309984693620103,0.0336421274099146,0.0202071573026954,0
748,0.00637939287842362,0.00801388062007839,0.0173008708882352,0
749,0.0106841396951237,0.012030412197211,0.0186149791479129,0
750,0.0126923234658548,0.0142456109361035,0.0197072801916863,0
751,0.0200315634651535,0.0210863285708726,0.0222880098863929,0
752,0.0214198432266541,0.0226167513606106,0.0216682090929543,0
753,0.0171809470538968,0.0195412294388051,0.0170668167559387,0
754,0.00833324979491379,0.00897253017614194,0.0121207870151127,0
755,0.0133994291544837,0.0145298132573182,0.0191368600564341,0
756,0.0154849272755229,0.0163140678167796,0.022510411915271,0
757,0.00983313454771949,0.0110970837176875,0.0164127666228336,0
758,0.00343707194070396,0.00431116285090138,0.00950830215343981,0
759,0.157481571535267,0.158226772686367,0.162417079756021,0
760,0.0113244624465391,0.0124435012004289,0.0223942042595315,0
761,0.00105387065502945,0.00180992825531838,0.00667813731353932,0
762,0.0176998242290549,0.0189546644721288,0.0181322372833909,0
763,0.0227469461620885,0.0246558315215936,0.0200554899732108,0
764,0.00486646942431668,0.00608195399295395,0.0144394782733898,0
765,0.0141624146288971,0.0162950858194323,0.0176616050849425,0
766,0.00104731017213774,0.00206159454673313,0.00876454724290839,0
767,0.0217656923671764,0.0246431799331488,0.0218970107513322,0
768,0.0100823951045626,0.0109493183021736,0.0165360496748599,0
769,0.00964726467779217,0.0103114570369601,0.013896156302309,0
770,0.0214907785836429,0.0230918685109597,0.0218611708201955,0
771,0.0216460467894431,0.0237606017818916,0.0149760839252951,0
772,0.0137729599123009,0.0143883189892036,0.0180329412298966,0
773,0.00449580500149892,0.00605637188154189,0.0205441587609283,0
774,0.00902025585442836,0.0098616301629618,0.0149422073425736,0
775,0.0175593364278535,0.0188676182517169,0.0165255555679596,0
776,0.0314771442892244,0.0202390781754839,0.0151997566759286,0
777,0.00490951589755712,0.00556888301871842,0.00894713021295327,0
778,0.00682239517419583,0.00776988720030985,0.0176116743886159,0
779,0.0333235553183057,0.0359922901866208,0.021334131761076,0
780,0.0257132195108171,0.0278773157032902,0.0179003760981255,0
781,0.0127724795382109,0.0145243497485515,0.0190190014032542,0
782,0.0174405301317093,0.0248968243501038,0.0153555591684537,0
783,0.00707628125691983,0.00771722912635138,0.010802587680116,0
784,0.0222498078895968,0.0267022088254058,0.0169874238231115,0
785,0.0309522666356666,0.0354991374548279,0.0215355920601489,0
786,0.00358392189298293,0.00486694913125026,0.0217565641111199,0
787,0,0.00114574219354038,0.0101796798311693,0.0103455936979624
788,0.00550020517715544,0.00828352860315172,0.01607639723545,0
789,0.0130720282700834,0.0144034143222527,0.022413255730608,0
790,0.0126054412392082,0.0142945282463927,0.0174102781805493,0
791,0.00797060008304735,0.00864583211023368,0.0121919348772245,0
792,0.028032507464835,0.0293863927208671,0.022315717342772,0
793,0.0128307049921133,0.0144336379494023,0.0186095120123611,0
794,0.00708022861848127,0.00773411990177495,0.0109441067337864,0
795,0.0257674316721205,0.0217896220857832,0.0149498965974821,0
796,0.0161370289151557,0.0185510865657501,0.0159997005540613,0
797,0.012829832095719,0.0136485379689953,0.0209908949649295,0
798,0.00336585601158628,0.00502635266276919,0.0180276551436679,0
799,0.0104734657992048,0.0112059578452487,0.0157367515637905,0
800,0.575515981380517,0.575628772135474,0.574993527112195,0
801,0.0242062582005941,0.0253550772633212,0.021927942556998,0
802,0.0127263261335099,0.0150127981478957,0.0187012521886058,0
803,0.018118846428332,0.0188419874560208,0.0228479418031669,0
804,0.0137477544547964,0.0145910379100818,0.0198795418590781,0
805,0.0030430726792507,0.00434639351901698,0.0170263306658639,0
806,0.00916691518484972,0.0112502217800446,0.0174737493320915,0
807,0.00682733226276647,0.00804510895607684,0.0247997606094908,0
808,0.00990681609280085,0.0104134491153704,0.0128170134823885,0
809,0.0209971349471162,0.0222771448866835,0.0211285797566398,0
810,0.0106565061908391,0.0122838989373497,0.0216413988125864,0
811,0.00541588768146343,0.00650884333381633,0.0124390568713807,0
812,0.000341708427241363,0.00136147308471498,0.0179685363440886,0
813,0.00473919271459949,0.00751682427336815,0.0161440040897908,0
814,0.0219619780365282,0.0234219093656576,0.0224755512760825,0
815,0.00439267543414673,0.00541403837528658,0.0209440423532241,0
816,0.00325397692367352,0.00451813842588036,0.0205318451167558,0
817,0.000526113471475541,0.00231881146563743,0.0165690180638803,0
818,0.0200992410694472,0.0276209874176281,0.017182433012863,0
819,0.0135865877492878,0.0148172388656561,0.0249397719130783,0
820,0.0135117340047786,0.0144742924758138,0.0177443997082966,0
821,0.00604070373328264,0.00667121906127948,0.00955846960839581,0
822,0.0143980645808365,0.0150314809342331,0.0179446015070347,0
823,0.0224718606712761,0.0228233433906151,0.0211751576834042,0
824,0.0209605185771592,0.0220808257503962,0.0208593910221364,0
825,0.0127966722168174,0.0144558557826951,0.0174215951538042,0
826,0.0187748226409428,0.0209673834100279,0.0187755747823803,0
827,0,0.00115443257598425,0.024445085002494,0.00437954239487376
828,0.0315611676047052,0.0217652122500921,0.0156671357170269,0
829,0.0321851602805273,0.0376953598233604,0.0197209208378798,0
830,0.0062706254863711,0.00714580634412569,0.0174471219670637,0
831,0.00861735126480163,0.0102165071508112,0.0178004507774461,0
832,0.0127642079215503,0.0178532382514036,0.0163862806600466,0
833,0,0.000974500375195482,0.00842051434371325,0.0142608185276393
834,0.00250420364877833,0.00351843896328016,0.020139461066003,0
835,0.0230329190162556,0.0287600983347144,0.0163349378837077,0
836,0.0251535769570621,0.0268287809235732,0.0213185447047684,0
837,0,0.000966677041283767,0.00755188251816855,0.00416709154082554
838,0.0103547523181696,0.0119611266370639,0.0225971531019612,0
839,0.0119294084102706,0.0131292231379748,0.0198839350662726,0
840,0.0330253099591863,0.0209155044366768,0.0156069742992793,0
841,0.0179143708792014,0.0192274880307085,0.0233095061637985,0
842,0.0297014841740898,0.0338099344361503,0.0194893656178223,0
843,0.00822968157201401,0.00928556592896299,0.0163525739964822,0
844,0.0134899490157084,0.0143387500558441,0.0191914598566902,0
845,0.014956786853321,0.0160079366244001,0.0182602525408812,0
846,0.00326374353247801,0.00406711865640241,0.0081170253350573,0
847,0.00661925938315663,0.00779940265641843,0.02041998478542,0
848,0.00242832691157767,0.00317686894810633,0.00840100040441126,0
849,0.0043465378672016,0.0051626395183945,0.00933130310025833,0
850,0,0.00134311948501992,0.0195765487352206,0.0012566733082169
851,0.0145564105072925,0.0162532805886587,0.0161248001126368,0
852,0.0280065489169822,0.0297922840999431,0.0211175217275156,0
853,0.00095894993689178,0.00190227654116954,0.00690809798605138,0
854,0.013507957271097,0.015026059765196,0.0197850148324304,0
855,0.0207303057360509,0.0229266202316931,0.0197579659244973,0
856,0,0.00129745061111698,0.0100490321690774,0.00129547378562769
857,0.00339652809726404,0.00457564657272618,0.0145772208103776,0
858,0.0171245660306751,0.0181378956642165,0.0225864415643554,0
859,0.00363276978498402,0.00461743155874469,0.0103058601377485,0
860,0.0141593983529906,0.0154228725550178,0.0252630220636615,0
861,0.0139488077009572,0.0148124642539612,0.0203653389394622,0
862,0.0153193895925406,0.016783941484793,0.0178182416969393,0
863,0.00735898531535856,0.00896504194333989,0.0210740039123312,0
864,0.00395080054585226,0.00461803692858365,0.0080205966527108,0
865,0.0124885618775903,0.0144982013496068,0.017533791109991,0
866,0.00322542647455613,0.00403325642026006,0.00865026901063473,0
867,0.00771708191642927,0.00845177263546634,0.0128578137068572,0
868,0.013902526613658,0.0153572232841173,0.0163317052738479,0
869,4.44674283153203,4.44676118561414,4.44480256567697,0
870,0.00636532450536997,0.00737833575335195,0.0186583881599283,0
871,0.0169141135121811,0.0182108964352829,0.019342451123429,0
872,0.0152838619643179,0.0168563702588762,0.0225218459174132,0
873,0.00440921805026899,0.00551350498376037,0.0157193148678259,0
874,0.0065358655280395,0.00759629277339578,0.0252036378868317,0
875,0.00235591968634478,0.00345159299125512,0.011469900613246,0
876,0.00843173525432058,0.00912311352509683,0.0127096683941163,0
877,0.00930467836272939,0.0103919087715619,0.0193689673314641,0
878,0.0238999487388164,0.0293957701870322,0.0152699115900519,0
879,0.0185246020085803,0.0217258017462707,0.0190346040434974,0
880,0.014042162930623,0.0154900622944039,0.0172885074986704,0
881,0.0177253008657669,0.0184883655102034,0.0224438597862422,0
882,0.0387855673089782,0.0266596905034421,0.0193682369140463,0
883,0.0137240966687772,0.0167025640470859,0.0164330038939835,0
884,0.0168116315747441,0.017675766907462,0.0204320826239683,0
885,0.00649060346659823,0.00754757022857885,0.0166085130051151,0
886,0.0197283408441352,0.0202156720283218,0.0205167325048702,0
887,0,0.00151730871093404,0.0152654010677524,0.00124324203564254
888,0.022334567170374,0.0241437403946826,0.0206488212818449,0
889,0.15514890880662,0.155824650957284,0.159100991327554,0
890,0.00483132032704096,0.00577586006547464,0.0185520905383058,0
891,0.025315406136906,0.0271613189612892,0.0225416271577545,0
892,0.015943382188776,0.0176068090715746,0.0225653996210915,0
893,0.0175584749920682,0.0307723507392183,0.0176823865160419,0
894,0.0397138312032822,0.0276443959794863,0.0196903190336358,0
895,0.00702700645649714,0.00943817920548382,0.0177329932694833,0
896,0.0131582481554815,0.0143003167274694,0.0175074881507374,0
897,0.023622062435269,0.0254840997085732,0.0225746370055052,0
898,0.263194142676224,0.263485710283033,0.264863466705437,0
899,0.00844584778095534,0.00925393078673848,0.0147031318375968,0
900,0.00462565446949414,0.00594120166809345,0.0163607320134487,0
901,0,0.00127391751770244,0.024445584117471,0.0045894944062868
902,0.0179587854264961,0.0203617481332249,0.017704890255395,0
903,0.0203522252625477,0.0216626093269256,0.0235961968215995,0
904,0.0172620271886284,0.0185463269397729,0.0172222531388673,0
905,0.00557197278229653,0.00637212554531617,0.0114555013499639,0
906,0.0162402623982574,0.0178864074952722,0.0222810347588833,0
907,0.0133416176931769,0.0142882781480611,0.0221741519361175,0
908,0.027598559247386,0.030783787600382,0.0162640856190366,0
909,0.00170650723157766,0.00251976934261681,0.00779487675309179,0
910,0.0207575164429151,0.0220338564247623,0.0208799770407603,0
911,0.0241734341564471,0.0289166797647567,0.0170797500503817,0
912,0,0.00120288414353061,0.0100404629117848,0.00420638285066129
913,0.0115876205644649,0.013315105226556,0.0179336810853234,0
914,0.0105808797959989,0.0122076872415482,0.0205551339710965,0
915,0.0107187125705683,0.0118080850289849,0.0245527476613706,0
916,0.0115817443740305,0.0126594695752658,0.0182017979444092,0
917,0.0191799748932515,0.020697618739227,0.0177869078914376,0
918,0.00129972194719871,0.00286961850265442,0.0197093888942596,0
919,0.000121548773858289,0.00119054649925102,0.00929409301264177,0
920,0.0251649460321451,0.0350868881304823,0.0155615417615126,0
921,0.0276202717733393,0.03151964472117,0.0191761274665295,0
922,0.00738233164713355,0.00878389034655628,0.0193105371962667,0
923,0.0167093699229832,0.0186746873928976,0.0156075573880284,0
924,0.0131140072601423,0.0142054941834374,0.0177086549519319,0
925,0.0242242953018815,0.0260138652516969,0.0188794878824231,0
926,0.0169605779807937,0.0182349560433172,0.0170362154529833,0
927,0.020588667515057,0.0215233620376446,0.0231897381163412,0
928,0.0151485176125308,0.016803646290281,0.0225509934800414,0
929,0,0.00111469878552237,0.00924164700567181,0.00327471186050415
930,0,0.00080025240689062,0.0059573191696285,0.00780525263230409
931,0.0181520378476524,0.0191979986338054,0.0232336779876109,0
932,0.010895100841288,0.0119342892196364,0.0216293193356359,0
933,0.007497349463868,0.0093494517960297,0.0184840119550092,0
934,0.0128523388527588,0.0145762016243826,0.0200402000650682,0
935,0.0108380250255344,0.0122226847822058,0.0201732111647239,0
936,0.0205093849098807,0.0235470182086128,0.0160225292653855,0
937,0.0166110813794465,0.0215907796346527,0.0157171553470348,0
938,0.00142498687280045,0.0025480090198931,0.00970208544789839,0
939,0.00602907429323999,0.00686251465897644,0.0131827681802278,0
940,0.014098692221723,0.01628011583627,0.0173850501401818,0
941,0.0136445711516231,0.0147088112627879,0.0187182222185207,0
942,4.7668375273471,4.76776739519652,4.77381673128875,0
943,0.0110769094519037,0.0120488887713416,0.0193095469519109,0
944,0.00578738458224032,0.00676514720851543,0.0132231008224744,0
945,0.0173217083902684,0.0188862129859788,0.019131876481286,0
946,0.0214796160551354,0.0263399660021648,0.015955479113655,0
947,0.0154603175129774,0.0177024478960161,0.0179898277941525,0
948,0.0115266640294783,0.0129356556673138,0.0217008211253533,0
949,0.0103439571317625,0.0112364191025023,0.0184231584806974,0
950,0.00167592939231254,0.00313444472888236,0.0169009447254994,0
951,0.140768723560033,0.141251984187443,0.143499957734783,0
952,0.00177069917260186,0.00246325298420109,0.00638755254291627,0
953,0.00249057274338894,0.00400003564114603,0.0167747296075331,0
954,0.0298752426555584,0.031819443797961,0.0186596288965974,0
955,0.0256270289875614,0.0276706558075961,0.0185819115915503,0
956,0.0198923350757323,0.0211066189583997,0.0221177682888885,0
957,0.0252063421974728,0.0322398309795717,0.0163951639260035,0
958,0,0.00185099665300348,0.0206520275359241,0.00418135129782837
959,0.0254540709234996,0.0277119629336653,0.0180446100880721,0
960,0.0143443158559096,0.0157691414971545,0.0207522453859624,0
961,0.0143573169474607,0.0154632122356416,0.021563623189245,0
962,0.0154045048456352,0.0161332790966432,0.0201892339133502,0
963,0.151187300658152,0.151926081877094,0.153840642835759,0
964,0.0324806020131135,0.0346524208815126,0.021197804335842,0
965,0.0103212542543323,0.0118358882826515,0.0165126205278296,0
966,0.0269804978416106,0.0322626660319221,0.0157717299040424,0
967,0,0.00107069280103142,0.00859046124316491,0.00665476723344815
968,0.00419054809937697,0.00517540496908044,0.0219709091403218,0
969,0.0239300401752452,0.0247737636473019,0.0245147334140092,0
970,0.0302316198333918,0.0225364947195081,0.0173162757781244,0
971,0.0281202998174279,0.0308511479788324,0.0209730475625408,0
972,0.0144177686364743,0.0156966498734349,0.0242424187417303,0
973,0.0313514600978337,0.0263295725906967,0.0176094422248767,0
974,0.0120103041447671,0.0128495784873898,0.0205056536581831,0
975,0.0272846683155601,0.0289144072592739,0.015612539956931,0
976,0.0142590606881984,0.0184994743729214,0.0177911378083798,0
977,0.0175605945117589,0.0182860862052501,0.0227993810430592,0
978,0.0295152884045289,0.030801016082376,0.022316086534641,0
979,0.01029837799833,0.0126539308307246,0.0163487267381246,0
980,0.0180395320058331,0.0189703812725819,0.0226380048142148,0
981,0.0140720056163042,0.0150590941751784,0.0213101550736054,0
982,0.00725054794494701,0.00854016041683191,0.0197135635915598,0
983,0.00174075492006122,0.0029864780359463,0.010044015837315,0
984,0.00830730012943571,0.0111060893435611,0.0164528915992441,0
985,0.00845071090494003,0.00892935544041891,0.0112758553018902,0
986,0.0245151922220616,0.0258977422493517,0.0217405881252519,0
987,0.0194013942761841,0.0213294047406863,0.0195951090420424,0
988,0.0117446880947742,0.0131000581432822,0.0231056083464628,0
989,0.014312263796071,0.0161779234136807,0.0157860913818379,0
990,0.0245671573583776,0.0255519125160819,0.0170805831622199,0
991,0.0230032025890489,0.0271759317195009,0.0172162612454745,0
992,0.0133771875381286,0.0148390361217048,0.0188204765845589,0
993,0.0146596225579726,0.0162456987700938,0.0167054252902603,0
994,0.00609531493196706,0.00741691622326906,0.0212046559245809,0
995,0.00107476891733591,0.00191549085276228,0.00665634319643654,0
996,0.00759683591296566,0.00857076656321341,0.0201596443064154,0
997,0.0174931408797999,0.0191934881103874,0.0201231521304557,0
998,0.0246454157427728,0.0281529940276187,0.0167961635312165,0
999,0.0370516429698003,0.0221933164638372,0.0159329043832633,0
1000,0.0114164438107532,0.01191664114726,0.0143185532750711,0
1001,0.14562273344036,0.145823926142637,0.146675634511971,0
1002,0.0122396584344256,0.0130277100169912,0.0157720488590513,0
1003,0.153001907882974,0.153280335225989,0.153875795065594,0
1004,0.0208895967349088,0.0210630450207851,0.0148846824922845,0
1005,0.127844371578991,0.128205235311254,0.129757374079924,0
1006,0.0039506278861099,0.00478899489390023,0.0118625433556174,0
1007,0.127600899584989,0.128277569402508,0.132260358030536,0
1008,0.0123525425385269,0.0145248403869705,0.0151535807487452,0
1009,0.183483573585826,0.183536918698301,0.183464691071824,0
1010,0.0250443213682992,0.021234677510054,0.0156340059223738,0
1011,0.208533921435662,0.206262899463444,0.198312922351159,0
1012,0.0221135971672061,0.0182728601538275,0.0148441251744461,0
1013,0.145018239149968,0.145374043314118,0.146915736908427,0
1014,0.0168832209167131,0.018006813094455,0.0165137356485978,0
1015,0.167558845284903,0.168354406382063,0.159365179920152,0
1016,0.0360293890693794,0.0203791520598125,0.0152139921284872,0
1017,0.119090909069004,0.11955788466627,0.121652920076103,0
1018,0.00106505666437212,0.00206909557500707,0.00839700990982173,0
1019,0.12214525410084,0.123093995312962,0.127928900001416,0
1020,0.00959466850628833,0.0145063437410457,0.0151864895340301,0
1021,0.100954283999992,0.101555443157132,0.104660313442826,0
1022,0,0.000967325199104807,0.00863072275097328,0.0101594100093546
1023,0.0886905239184791,0.0898305397961179,0.0989918591858391,0
1024,0,0.00199369307371484,0.0258264488064965,0.0102452902472269
1025,0.144246373281192,0.144726253952247,0.146912702593999,0
1026,0.0137226674500702,0.0153878612443236,0.016069116037767,0
1027,0.172980833160898,0.171812874224326,0.164119027981251,0
1028,0.037990189338004,0.0188655537522602,0.0151362380067256,0
1029,0.111258356099187,0.111882932191646,0.115266086693096,0
1030,0,0.00110677827454729,0.0262386570507232,0.00601651358805568
1031,0.115724960490869,0.117075213043479,0.130350494706088,0
1032,0.0132563352484021,0.0173333193483893,0.0155999318521206,0
1033,0.18088359307214,0.181016153895785,0.181543642835416,0
1034,0.0177744080988763,0.0190503022066063,0.0150584950933987,0
1035,0.197754882219742,0.197643118181862,0.196136561711424,0
1036,0.0239183328470933,0.0179150300568031,0.0144672507809457,0
1037,0.144761879659163,0.145101809275411,0.146541813222231,0
1038,0.00924161514864155,0.010146599223031,0.0158738750827545,0
1039,0.151252880039011,0.151883801694203,0.155391362305072,0
1040,0.0189538970923069,0.0216965384809392,0.0148596927546354,0
1041,0.30981573450576,0.309623003823334,0.308700348332916,0
1042,0.0220398953550447,0.0191411729967727,0.0145190018531605,0
1043,0.386270198081329,0.384035953974113,0.375735058327916,0
1044,0.0208923636920793,0.0173808561387633,0.0139403580176737,0
1045,0.191859305651978,0.192147992338844,0.193164700268316,0
1046,0.0213888025266344,0.0256368779972713,0.0156877208985261,0
1047,0.231183635516333,0.231604170873029,0.216996552585767,0
1048,0.0425621416858171,0.0195747716900745,0.0145567861317304,0
1049,0.143289312981773,0.143742555814154,0.145852025964513,0
1050,0.00630428484840604,0.00740475714668554,0.0155303057482757,0
1051,0.156744727593154,0.157704286036168,0.161580247074757,0
1052,0.0160848228096532,0.020221490064464,0.0147642158037625,0
1053,0.112237666269956,0.112837084071755,0.115933939103089,0
1054,0,0.000969978703028375,0.0118865006359902,0.0141818077232911
1055,0.0995761875505284,0.10071298900123,0.109990340566745,0
1056,0,0.00200182937673874,0.018939347825659,0.00365701169514925
1057,0.227372186850156,0.227776703948219,0.230014276345963,0
1058,0.0180798528662407,0.0220596633662854,0.0149680361240181,0
1059,0.28846029851736,0.286410471689799,0.277758125307674,0
1060,0.0235170362379153,0.01790006614876,0.0142344899853323,0
1061,0.140056881342578,0.140676501862034,0.144023561002281,0
1062,0,0.00111849779143078,0.0219537783480774,0.00160768913844853
1063,0.159772611270014,0.161109200538357,0.168671551669724,0
1064,0.0197253809069918,0.0427964723212099,0.0149524574393013,0
1065,0.121638416217984,0.121877628357783,0.122977644741473,0
1066,0.00678272146912957,0.00745681684720576,0.0122848463345658,0
1067,0.126302880717695,0.126748196659819,0.129167441595321,0
1068,0.0155807823068361,0.0173268398552399,0.0151779331824955,0
1069,0.104726069666469,0.105123560006313,0.106849166393333,0
1070,0,0.000868703823525906,0.00611726604062835,0.00223598500747406
1071,0.10044165060001,0.101200347020195,0.10585853632312,0
1072,0.00604992715735104,0.00837151712937536,0.0155349702041738,0
1073,0.148478228019635,0.148663655587145,0.149433626935193,0
1074,0.0194829457849919,0.0207327823554274,0.0159371894071711,0
1075,0.17430228245165,0.171902110753298,0.164496690546446,0
1076,0.0307930294244403,0.0186525818369254,0.0151335533014734,0
1077,0.115947006529111,0.116359818878776,0.118214854368524,0
1078,0.010566775724628,0.0116862330433673,0.016917780066836,0
1079,0.132615936442001,0.133623300134181,0.130233277631499,0
1080,0.0297525407000431,0.039033590894766,0.0155881415523946,0
1081,0.0899153533513068,0.0903837481492518,0.0924240900446106,0
1082,0,0.0010123078591128,0.00566604510950229,0.00319352162125017
1083,0.0880573881664831,0.0890164192659838,0.0936940186390018,0
1084,0.00491636159598887,0.0105725891409364,0.0158013842872946,0
1085,0.0721489907242725,0.0727714694303861,0.0759842925355249,0
1086,0,0.00100092930171845,0.00862767164021067,0.00138134832650946
1087,0.0606685756629687,0.0618507758320073,0.0714232866505024,0
1088,0,0.0020587198069253,0.0330070993639033,0.0165842006733328
1089,0.10322726828496,0.103730067632735,0.105935810201368,0
1090,0.0089855499497422,0.0106303369649288,0.0167163596965515,0
1091,0.1267641458158,0.127750191620662,0.121207357826081,0
1092,0.0345344547107947,0.0371034972116755,0.0157344402889923,0
1093,0.0777163063187936,0.0783644659991354,0.0818755070822853,0
1094,0,0.00114286901679109,0.0142623149890218,0.0123565523600648
1095,0.0733609315032344,0.0747680262213547,0.0969303458262555,0
1096,0.00691768739008367,0.011137014183605,0.0163818330873226,0
1097,0.146713588055933,0.146920586236998,0.147921540022049,0
1098,0.0121252917657839,0.0129421585721532,0.0153526632481576,0
1099,0.160748971104241,0.161057734847462,0.162119636332268,0
1100,0.0220932802582285,0.0186710476636463,0.0147549093954876,0
1101,0.116316242328813,0.116704857804627,0.118379337132776,0
1102,0.0029248376006146,0.00380308743623671,0.016166539025586,0
1103,0.11665249552931,0.117392478180606,0.1219338274188,0
1104,0.0126409621123475,0.0149916745103156,0.0152316651822427,0
1105,0.232288856685332,0.232308533471243,0.23253858804337,0
1106,0.0239127651695276,0.0195502676824612,0.0148130602519845,0
1107,0.288552965210885,0.286599361350274,0.278772646181152,0
1108,0.0212687097773254,0.0176924565508365,0.0142315476421766,0
1109,0.145674093320648,0.146061546360034,0.147691377468345,0
1110,0.0150515575992868,0.0162148240360842,0.0160694565824639,0
1111,0.177129173030415,0.178044695227075,0.168677253881069,0
1112,0.0362252327629121,0.0200009013519729,0.0149396638336942,0
1113,0.104025553830438,0.104478967946647,0.106446257130756,0
1114,0.00155417827382519,0.00257603376040453,0.0149126971712025,0
1115,0.110003599077504,0.110912897576765,0.117122620314572,0
1116,0.0113652656073962,0.0170588950938306,0.0153586499992587,0
1117,0.0786990160943376,0.0793206393868786,0.0825267145989534,0
1118,0,0.00100138620827615,0.00882962025384294,0.0202840578031956
1119,0.0589575749786181,0.060137940367119,0.0696707799700886,0
1120,0,0.00205984071141281,0.0260591410766059,0.00999940138503805
1121,0.146209405071969,0.146653395314036,0.148539402355172,0
1122,0.013239463353411,0.0149363089351024,0.0155701850310554,0
1123,0.191442686239766,0.18805278708219,0.181036958770059,0
1124,0.0407299881497056,0.0185295182226702,0.0148317867782994,0
1125,0.0934181643588943,0.0940641546072773,0.0975513695503356,0
1126,0,0.00114419547674543,0.0290705103744172,0.00794923175810126
1127,0.0998428129871622,0.101244059111204,0.115372292523547,0
1128,0.0133901986234265,0.0176139089066032,0.0157444624995662,0
