"Run.ID","P0.Regret.DT","P1.Regret.DT","P2.Regret.DT","P3.Regret.DT"
1,-1.20389694537109,-1.20389694537109,-1.20389694537109,0
2,-4.15720955503485,-4.15720955503485,-1.5168155465104,0
3,-4.24581024258334,-4.24581024258334,-2.81166831317336,0
4,-1.94572897709976,-1.94572897709976,-1.94572897709976,0
5,-6.11550323990292,-6.11550323990292,-0.75626888320163,0
6,-6.45007144008952,-6.45007144008952,-0.673518196626058,0
7,0,0,0,0
8,-3.52120300029444,-3.52120300029444,-2.06163155819468,0
9,-1.82469863175173,-1.82469863175173,-1.82469863175173,0
10,-4.2439279673736,-4.2439279673736,-4.2439279673736,0
11,-2.47295132293477,-2.47295132293477,-2.22100170626947,0
12,-6.71538070575497,-6.71538070575497,-0.215651565277193,0
13,-5.54370534637458,-5.54370534637458,-0.9888893746865,0
14,0,0,0,0
15,0,0,0,0
16,-6.23681829680692,-5.92602730843043,-0.604527144152954,0
17,-6.232506445291,-6.232506445291,-0.867698844721147,0
18,-4.71485857851348,-4.71485857851348,-4.1873818730041,0
19,-6.5475137029374,-6.5475137029374,-0.411595778933091,0
20,-1.44819824751854,-1.44819824751854,-1.44819824751854,0
21,-6.44558477651632,-6.44558477651632,-0.57312651624061,0
22,-5.82202075834716,-5.82202075834716,-1.21591815213259,0
23,-6.684466988661,-6.684466988661,-0.317876930385767,0
24,-4.65727959456492,-4.65727959456492,-4.65727959456492,0
25,-2.84472441975701,-2.84472441975701,-2.84472441975701,0
26,-6.08741082554685,-6.08741082554685,-0.827918848367276,0
27,-5.28273378035284,-5.28273378035284,-2.10250549289355,0
28,-1.38391435237558,-1.38391435237558,-1.38391435237558,0
29,-3.85635479031382,-3.85635479031382,-2.87953060690546,0
30,-6.64436592601711,-6.64436592601711,-0.262514379676128,0
31,-4.04168979529674,-4.04168979529674,-2.45945414370291,0
32,0,0,0,0
33,-6.52074654153296,-6.52074654153296,-0.497503119781226,0
34,-4.77282367101512,-4.77282367101512,-1.23490476214479,0
35,-1.13815406207618,-1.13815406207618,-1.13815406207618,0
36,-5.20040565578061,-5.20040565578061,-1.63879541556839,0
37,-2.58882343988641,-2.58882343988641,-2.58882343988641,0
38,-6.53140049380265,-6.53140049380265,-0.627497654112213,0
39,-6.64292613609102,-6.64292613609102,-0.322052337771816,0
40,-6.69853924278829,-6.69853924278829,-0.233442756231364,0
41,0,0,0,0
42,-1.37770826568719,-1.37770826568719,-1.37770826568719,0
43,-5.59557025547073,-5.59557025547073,-1.12408963673106,0
44,-6.67546847487861,-4.74668896582827,-0.239343931375119,0
45,-4.70140967303415,-4.70140967303415,-4.70140967303415,0
46,-6.24957557250489,-6.24957557250489,-0.827112907640294,0
47,-4.31670988893524,-4.31670988893524,-1.34085085470518,0
48,-4.60504783890218,-4.60504783890218,-1.78833697098502,0
49,-5.50327863746747,-5.50327863746747,-1.79290277414984,0
50,-5.52263970370989,-5.52263970370989,-0.953605744886693,0
51,-6.60037108136347,-4.67402169990265,-0.386346885431906,0
52,-6.55051189771322,-6.55051189771322,-0.577482363334089,0
53,-6.51576320727736,-6.51576320727736,-0.560795287622572,0
54,-4.47407993209665,-4.47407993209665,-4.47407993209665,0
55,-0.108037736775562,-0.108037736775562,-0.108037736775562,0
56,-0.400563359119705,-0.400563359119705,-0.400563359119705,0
57,-4.27493567417415,-4.27493567417415,-1.84702577154175,0
58,-4.75337888586629,-4.75337888586629,-3.77674298544727,0
59,-4.20520649207918,-4.20520649207918,-1.5642449838452,0
60,-4.36755642683956,-4.36755642683956,-4.36755642683956,0
61,-4.68104836872835,-4.68104836872835,-4.68104836872835,0
62,-5.88243353775888,-5.88243353775888,-1.28586325524232,0
63,-6.51300948337288,-6.51300948337288,-0.458973521103962,0
64,-2.22368591693277,-2.22368591693277,-2.11992369810575,0
65,-3.59476724285084,-3.59476724285084,-3.59476724285084,0
66,-6.60648955763111,-6.60648955763111,-0.386255161889654,0
67,-4.57463015906041,-4.57463015906041,-4.50123324011824,0
68,-3.59375780922613,-3.59375780922613,-3.59375780922613,0
69,-1.30386790018807,-1.30386790018807,-1.30386790018807,0
70,-4.88847449513061,-4.88847449513061,-2.1568030741638,0
71,-6.13408871704755,-6.13408871704755,-0.739641667604206,0
72,-4.90266845025502,-4.90266845025502,-3.35429215207806,0
73,-2.33824719238543,-2.33824719238543,-2.33824719238543,0
74,-2.33170529002591,-2.33170529002591,-2.33170529002591,0
75,-2.93604405367635,-2.93604405367635,-2.11341082256645,0
76,-2.91225667492633,-2.91225667492633,-1.84326927909251,0
77,-6.38455477590965,-6.38455477590965,-0.686868671243743,0
78,-6.55674936392546,-6.55674936392546,-0.491626574287294,0
79,-6.38108667203516,-6.38108667203516,-0.573205109459333,0
80,-3.94840376243859,-3.94840376243859,-1.86523106374547,0
81,-0.100654190964965,-0.100654190964965,-0.100654190964965,0
82,-5.8017600977122,-5.8017600977122,-1.26304137303374,0
83,0,0,0,0
84,-3.75031183956032,-3.75031183956032,-2.4128849749195,0
85,0,0,0,0
86,-6.03698427308368,-6.03698427308368,-0.919563119130417,0
87,-5.93626460810576,-2.22603209540615,-0.236070903152888,0
88,-6.10707382740998,-6.10707382740998,-1.05969719672071,0
89,-4.3261328732529,-4.3261328732529,-2.7022388271242,0
90,-6.71036899880096,-2.1771386390371,-0.199494490451196,0
91,-1.66836415739572,-1.66836415739572,-1.41101127851778,0
92,0,0,0,0
93,-6.37108745411993,-6.37108745411993,-0.665084008759541,0
94,-1.66518798755166,-1.66518798755166,-1.51009687764949,0
95,-3.55626244706854,-3.55626244706854,-2.79833907630586,0
96,0,0,0,0
97,-6.28582844274215,-6.28582844274215,-0.560848611567599,0
98,-2.71635412790339,-2.71635412790339,-2.71635412790339,0
99,-6.4720249361449,-6.4720249361449,-0.461163291936941,0
100,-5.22233003381691,-5.22233003381691,-2.059693241778,0
101,0,0,0,0
102,-4.11208782339686,-4.11208782339686,-1.59284289474088,0
103,-6.5866587085613,-6.5866587085613,-0.387262833536236,0
104,-6.37087160955311,-6.37087160955311,-0.81142065688659,0
105,-3.07359261663197,-3.07359261663197,-1.72485157819082,0
106,-3.16154774480461,-3.16154774480461,-3.16154774480461,0
107,-5.78325283730406,-5.78325283730406,-0.885799328909884,0
108,-5.72057028583336,-5.72057028583336,-0.921246635717242,0
109,-6.01177462140373,-6.01177462140373,-1.24741831191349,0
110,-3.45641643219476,-3.45641643219476,-3.42958119760213,0
111,-0.91861142607049,-0.91861142607049,-0.91861142607049,0
112,-3.3871790113665,-3.3871790113665,-3.3871790113665,0
113,0,0,0,0
114,-5.0987112025665,-5.0987112025665,-1.3493455084727,0
115,-6.63963888165915,-6.63963888165915,-0.308710315095216,0
116,0,0,0,0
117,-6.66725131895426,-6.66725131895426,-0.263559095070782,0
118,-6.50942473083008,-6.50942473083008,-0.559313902834353,0
119,-4.84542153839835,-4.84542153839835,-2.62527102942502,0
120,-5.63895777076972,-5.63895777076972,-1.47580979426412,0
121,-6.60241682761176,-6.60241682761176,-0.304695644747088,0
122,-6.32425596953034,-6.32425596953034,-0.821398609828484,0
123,-0.272196889471663,-0.272196889471663,-0.272196889471663,0
124,-5.99520544683444,-5.99520544683444,-0.901848799245702,0
125,-0.842194212621235,-0.842194212621235,-0.842194212621235,0
126,-6.73152801961393,-6.73152801961393,-0.179129308003384,0
127,-0.963534225341201,-0.963534225341201,-0.963534225341201,0
128,-3.93657836053099,-3.93657836053099,-3.49201397575195,0
129,0,0,0,0
130,-6.72242977779186,-6.72242977779186,-0.226782362146179,0
131,-6.61541692676605,-4.99231069377051,-0.299160117150262,0
132,-6.2914314727501,-6.2914314727501,-0.806230766710942,0
133,-4.27576825769516,-4.27576825769516,-1.9176969343272,0
134,-6.61522129249813,-6.61522129249813,-0.507824872073211,0
135,-2.63786137387727,-2.63786137387727,-2.63786137387727,0
136,-6.34355847991923,-6.34355847991923,-0.583226189432906,0
137,-2.00604303838336,-2.00604303838336,-1.90488482126893,0
138,-6.46113245498933,-6.46113245498933,-0.517968091543576,0
139,-6.31354432635743,-6.31354432635743,-0.904040741541044,0
140,0,0,0,0
141,-6.4842205406126,-6.4842205406126,-0.594392572176415,0
142,-3.42542448068094,-3.42542448068094,-2.30075830764079,0
143,-6.67664439486092,-6.67664439486092,-0.270920534424431,0
144,-4.10584071700501,-4.10584071700501,-2.00961805893801,0
145,-5.12612896519331,-5.12612896519331,-1.22915621746389,0
146,-1.14409374203631,-1.14409374203631,-1.14409374203631,0
147,-6.59708904176814,-6.59708904176814,-0.35160117989255,0
148,-0.431182378939193,-0.431182378939193,-0.431182378939193,0
149,-3.35939728382453,-3.35939728382453,-2.7060170019587,0
150,-2.28897733847181,-2.28897733847181,-2.28897733847181,0
151,-6.71783905773364,-6.71783905773364,-0.278390050122247,0
152,-0.983804916728372,-0.983804916728372,-0.983804916728372,0
153,-6.3603580446354,-4.48051076729688,-0.54664443611568,0
154,-1.81429228847908,-1.81429228847908,-1.41009559321496,0
155,-1.05710886951699,-1.05710886951699,-1.05710886951699,0
156,-3.23457110083739,-3.23457110083739,-1.48070578587928,0
157,-6.18067583352185,-6.18067583352185,-0.794372504963935,0
158,-6.19212064563424,-6.19212064563424,-1.57973331055476,0
159,-5.22822598714361,-5.22822598714361,-1.76242566971246,0
160,-0.114757329651818,-0.114757329651818,-0.114757329651818,0
161,-4.47997010598425,-4.47997010598425,-1.50114190855533,0
162,-5.97574999761658,-5.97574999761658,-1.22797629093717,0
163,-6.0675742917163,-6.0675742917163,-1.02606081411392,0
164,-5.44274737423701,-5.44274737423701,-1.11029240339175,0
165,-2.56683173960065,-2.56683173960065,-2.56683173960065,0
166,-4.99297991679399,-4.99297991679399,-2.926092489808,0
167,-2.4777929033714,-2.4777929033714,-1.58401137853187,0
168,-3.63091060670511,-3.63091060670511,-3.1932767611068,0
169,-2.98301408428109,-2.98301408428109,-2.98301408428109,0
170,-3.69941436324641,-3.69941436324641,-3.61940517811183,0
171,-6.64095551004318,-5.59948056256691,-0.320956639385164,0
172,-5.63313581199465,-5.63313581199465,-4.20132488379653,0
173,-0.939721727713482,-0.939721727713482,-0.939721727713482,0
174,-3.76689376154885,-3.76689376154885,-3.76689376154885,0
175,-6.3910642300689,-6.3910642300689,-0.684290689230324,0
176,-0.639282805222289,-0.639282805222289,-0.639282805222289,0
177,-5.62545088116474,-5.62545088116474,-2.51809941233978,0
178,0,0,0,0
179,-5.54504392659038,-5.54504392659038,-1.74377762306256,0
180,-0.952281337447803,-0.952281337447803,-0.952281337447803,0
181,-1.41082800464704,-1.41082800464704,-1.41082800464704,0
182,-3.09645981393657,-3.09645981393657,-3.09645981393657,0
183,-4.46257584244154,-4.46257584244154,-4.08309334880601,0
184,0,0,0,0
185,-6.71890813669041,-6.71890813669041,-0.190670193965143,0
186,-6.41002341084305,-6.41002341084305,-0.622431552274793,0
187,-5.69878547021709,-5.69878547021709,-1.09288854383408,0
188,-5.48411993478741,-5.48411993478741,-1.887736297466,0
189,-6.08925898363352,-6.08925898363352,-0.910917639696717,0
190,-6.68980132777123,-6.68980132777123,-0.333270540032424,0
191,-5.58748448638511,-5.58748448638511,-1.48359357123549,0
192,0,0,0,0
193,-6.47149861358965,-6.47149861358965,-0.543088456448199,0
194,-6.52091493672463,-6.52091493672463,-0.47361732078402,0
195,-5.18799066599718,-5.18799066599718,-2.65736367849241,0
196,-4.84964797097319,-4.84964797097319,-1.24255993334049,0
197,-5.12344922282768,-5.12344922282768,-4.90156775556692,0
198,-3.9050820521062,-3.9050820521062,-2.26522598923261,0
199,0,0,0,0
200,-6.6781407746085,-3.40794835406901,-0.24368660976646,0
201,-3.54010550520234,-3.54010550520234,-1.97350119495148,0
202,-4.82684676586618,-4.82684676586618,-1.66746806537159,0
203,0,0,0,0
204,-5.7750146957173,-5.7750146957173,-1.17275307386441,0
205,-6.15359164508579,-6.15359164508579,-0.796286616988926,0
206,-6.58627055519324,-3.07326135743109,-0.344994317850201,0
207,-6.62213675044922,-6.62213675044922,-0.413411126718711,0
208,-1.59487807572239,-1.59487807572239,-1.59487807572239,0
209,-3.23662571497987,-3.23662571497987,-3.23662571497987,0
210,-1.36351432053437,-1.36351432053437,-1.36351432053437,0
211,-6.73366952418637,-2.7674141730012,-0.195781064107718,0
212,-6.23018087120915,-6.23018087120915,-0.732319195402762,0
213,-6.64788206466099,-6.64788206466099,-0.26792573847108,0
214,-5.91498678598392,-5.91498678598392,-0.972015900478393,0
215,-5.68546480490198,-5.68546480490198,-1.03296263684896,0
216,-1.17528443636046,-1.17528443636046,-1.17528443636046,0
217,-4.92718944513886,-4.92718944513886,-3.74484806929028,0
218,-1.85137247486117,-1.85137247486117,-1.85137247486117,0
219,-2.15121070815424,-2.15121070815424,-2.15121070815424,0
220,-6.334713889668,-6.334713889668,-0.836931278093982,0
221,-4.61969144921974,-4.61969144921974,-2.06344105236498,0
222,-3.97677597327824,-3.97677597327824,-3.97677597327824,0
223,-6.40348277869103,-6.40348277869103,-0.542987514182516,0
224,-5.62960222636788,-5.62960222636788,-1.98965771615185,0
225,-1.8529347227824,-1.8529347227824,-1.8529347227824,0
226,-4.87504174403663,-4.87504174403663,-1.75768572014877,0
227,0,0,0,0
228,-0.975079110277256,-0.975079110277256,-0.975079110277256,0
229,-6.25670297925948,-6.25670297925948,-0.660750483135635,0
230,-3.36388075555199,-3.36388075555199,-3.36388075555199,0
231,0,0,0,0
232,-4.99127756336232,-4.99127756336232,-2.01666125744538,0
233,-1.26552712027392,-1.26552712027392,-1.26552712027392,0
234,-5.34695213833029,-5.34695213833029,-1.39549326410231,0
235,-6.35418694263885,-6.35418694263885,-0.848995541438723,0
236,0,0,0,0
237,-4.84373594772733,-4.84373594772733,-4.22411225118425,0
238,-4.20341208431941,-4.20341208431941,-2.43866301757838,0
239,-6.36321853132735,-5.07790963252034,-0.532113709011609,0
240,-6.37700385647696,-6.37700385647696,-1.03975754441772,0
241,-5.63285522424774,-5.63285522424774,-2.11219737725494,0
242,-4.84103149615054,-4.84103149615054,-2.07163249986569,0
243,-2.8366648256588,-2.8366648256588,-2.8366648256588,0
244,-3.51360916027658,-3.51360916027658,-2.96262673442227,0
245,-3.71747550328337,-3.71747550328337,-2.74385105563237,0
246,-4.55982617926429,-4.55982617926429,-1.61878332463058,0
247,-6.69263556804235,-3.24074654321658,-0.243929187853711,0
248,-2.49146468526562,-2.49146468526562,-1.64174493664911,0
249,-5.87666984004161,-5.87666984004161,-0.922880895269836,0
250,-1.04034012861928,-1.04034012861928,-1.04034012861928,0
251,-3.99866187169538,-3.99866187169538,-3.99866187169538,0
252,-5.21375260393191,-5.21375260393191,-1.48257598292494,0
253,0,0,0,0
254,-6.41153983500687,-6.41153983500687,-0.517824439649654,0
255,-6.25558737118475,-6.25558737118475,-0.741373778857143,0
256,-6.36146426655869,-6.36146426655869,-0.845920514617973,0
257,-2.35709483352655,-2.35709483352655,-1.6173923960404,0
258,-1.74340355763155,-1.74340355763155,-1.74340355763155,0
259,-1.54904787747395,-1.54904787747395,-1.53283011918503,0
260,0,0,0,0
261,-1.00653027902023,-1.00653027902023,-1.00653027902023,0
262,-3.8379026568232,-3.8379026568232,-3.8379026568232,0
263,-6.3995593233895,-6.3995593233895,-0.59305126002564,0
264,-0.661682922911462,-0.661682922911462,-0.661682922911462,0
265,-4.88154599795952,-4.88154599795952,-1.36172937768111,0
266,-1.57301935131568,-1.57301935131568,-1.57301935131568,0
267,-3.18397662797587,-3.18397662797587,-1.70014113943899,0
268,-0.87074878642368,-0.87074878642368,-0.87074878642368,0
269,0,0,0,0
270,-1.19684728465517,-1.19684728465517,-1.19684728465517,0
271,-0.579352281507384,-0.579352281507384,-0.579352281507384,0
272,0,0,0,0
273,-6.05601305800839,-6.05601305800839,-0.872142612583877,0
274,0,0,0,0
275,-4.43055091569097,-4.43055091569097,-1.58909212776803,0
276,-4.19969410679997,-4.19969410679997,-2.44890888685507,0
277,-4.76334492551514,-4.76334492551514,-1.49963836161379,0
278,-3.40949618342416,-3.40949618342416,-3.36566958839005,0
279,-6.37757025315504,-6.37757025315504,-0.583943115574714,0
280,-6.6635149568363,-6.6635149568363,-0.250516583157434,0
281,-4.36912517495418,-4.36912517495418,-2.07467509721473,0
282,-3.33548124771886,-3.33548124771886,-2.81699109689369,0
283,-3.48025937318331,-3.48025937318331,-2.04198746705443,0
284,-2.85635187401043,-2.85635187401043,-1.15222075184902,0
285,-5.53394833139462,-5.53394833139462,-4.23234793253682,0
286,-3.59104795412681,-3.59104795412681,-1.79262999595334,0
287,-1.66603713305353,-1.66603713305353,-1.59522295509692,0
288,-0.38938811344072,-0.38938811344072,-0.38938811344072,0
289,-0.406538772950305,-0.406538772950305,-0.406538772950305,0
290,-5.7196201868591,-5.7196201868591,-1.13308886181455,0
291,-6.68983420642256,-6.68983420642256,-0.289858267802521,0
292,-3.86746187112203,-3.86746187112203,-2.25472018919971,0
293,0,0,0,0
294,-3.35402686847482,-3.35402686847482,-3.35402686847482,0
295,0,0,0,0
296,-1.86561490325474,-1.86561490325474,-1.86561490325474,0
297,-6.3170075556384,-6.3170075556384,-0.70281643506019,0
298,-4.02927105284351,-4.02927105284351,-4.02927105284351,0
299,-3.59710715411076,-3.59710715411076,-2.82586495202271,0
300,-6.63433934883868,-6.63433934883868,-0.395972956752542,0
301,-3.56942530600816,-3.56942530600816,-2.65944369142431,0
302,-6.496200901794,-3.98673353171559,-0.492104846525559,0
303,-4.12476602800407,-4.12476602800407,-2.67908046873814,0
304,-6.40454228467181,-6.40454228467181,-0.75973187812978,0
305,-2.4497247088531,-2.4497247088531,-2.4497247088531,0
306,-3.24893868039563,-3.24893868039563,-3.24893868039563,0
307,-6.02087255137388,-6.02087255137388,-1.24585463252156,0
308,-5.40155262828371,-5.40155262828371,-1.21086504296603,0
309,-6.1661302179921,-6.1661302179921,-0.80390874988572,0
310,-6.63957270293071,-6.63957270293071,-0.392834295469405,0
311,-4.68064208886532,-4.68064208886532,-3.38764296216109,0
312,-6.5630142272873,-6.5630142272873,-0.400805374761055,0
313,-5.8468854835277,-5.8468854835277,-0.998834564725264,0
314,-4.55620837571168,-4.55620837571168,-3.28985344615142,0
315,-5.22858964987131,-5.22858964987131,-1.58728702167875,0
316,-0.858831625892073,-0.858831625892073,-0.858831625892073,0
317,-3.61424370325532,-3.61424370325532,-3.32238450890395,0
318,-6.06287951308991,-6.06287951308991,-1.27686038142818,0
319,-5.30328516528701,-5.30328516528701,-1.29986542759074,0
320,-5.3467582715822,-5.3467582715822,-2.60748476791057,0
321,-2.35853613229131,-2.35853613229131,-2.22819385228852,0
322,0,0,0,0
323,-5.37212257844855,-5.37212257844855,-2.45632674326542,0
324,-6.51006268200083,-4.10996467861756,-0.415740785572758,0
325,-6.66974450715697,-3.63640632550955,-0.269988916712187,0
326,-1.1596294948833,-1.1596294948833,-1.1596294948833,0
327,-4.22181106920257,-4.22181106920257,-1.49606673749696,0
328,-6.29676708984056,-4.02296660921955,-0.531214064755239,0
329,-3.81084606463367,-3.81084606463367,-2.14701764742001,0
330,-6.32912270832209,-6.32912270832209,-0.80966152946822,0
331,-5.90447055724971,-5.85039143805064,-0.817880557500932,0
332,-3.19605435653148,-3.19605435653148,-3.19605435653148,0
333,-6.63700505190429,-6.63700505190429,-0.323826934003479,0
334,-2.74728760925682,-2.74728760925682,-1.83998035625025,0
335,-6.21096633641293,-6.21096633641293,-0.962010384394574,0
336,-2.18680550557236,-2.18680550557236,-2.18680550557236,0
337,-4.06902593957472,-4.06902593957472,-2.2311801805067,0
338,-0.0472343740453001,-0.0472343740453001,-0.0472343740453001,0
339,-4.4732837486181,-4.4732837486181,-2.58923101577515,0
340,-5.88093784547767,-5.88093784547767,-1.07051866186481,0
341,-5.75553655185351,-5.75553655185351,-0.960587375708464,0
342,-6.32435637380822,-6.32435637380822,-0.902427813654139,0
343,-1.2269469963971,-1.2269469963971,-1.2269469963971,0
344,-6.18282577685722,-6.18282577685722,-0.854442612674642,0
345,-5.11568713373105,-5.11568713373105,-1.10707475243016,0
346,-6.53214834344125,-6.53214834344125,-0.440145903867419,0
347,-6.3462578640601,-6.3462578640601,-0.731534467063994,0
348,-3.28957703807258,-3.28957703807258,-2.45048541918325,0
349,-0.140135464695142,-0.140135464695142,-0.140135464695142,0
350,-6.64979607285615,-6.64979607285615,-0.316763792686375,0
351,-5.52891370235578,-5.52891370235578,-4.35980287729697,0
352,-6.18666116083285,-6.18666116083285,-0.908889790255446,0
353,-6.3683286438577,-6.3683286438577,-0.772913924459649,0
354,-0.80869334423048,-0.80869334423048,-0.80869334423048,0
355,-5.78500088678542,-5.78500088678542,-1.45046067140979,0
356,-4.62506688604569,-4.62506688604569,-2.48518269381515,0
357,-3.44807311622333,-3.44807311622333,-2.24064139965699,0
358,-0.806847851891979,-0.806847851891979,-0.806847851891979,0
359,-6.18066865773307,-6.18066865773307,-1.40344284777832,0
360,-0.0689583850929898,-0.0689583850929898,-0.0689583850929898,0
361,-1.77827362460571,-1.77827362460571,-1.77827362460571,0
362,-5.96328997621386,-5.96328997621386,-1.44542079002163,0
363,-5.76357533225096,-5.76357533225096,-1.13437597957683,0
364,-1.63222514546874,-1.63222514546874,-1.63222514546874,0
365,-4.09429910471358,-4.09429910471358,-1.72940115096926,0
366,-5.83403668213143,-5.83403668213143,-2.18120989671092,0
367,0,0,0,0
368,-6.27433046834027,-6.27433046834027,-0.981567822007849,0
369,-6.51578597425033,-1.51804228037553,-0.123810109257002,0
370,-6.13599985895899,-6.13599985895899,-1.14725733327977,0
371,-3.64377995861617,-3.64377995861617,-2.82701103554118,0
372,0,0,0,0
373,-2.45751454914647,-2.45751454914647,-2.45751454914647,0
374,-3.92998294365107,-3.92998294365107,-2.72942541479244,0
375,-0.801756637779013,-0.801756637779013,-0.801756637779013,0
376,0,0,0,0
377,0,0,0,0
378,-5.80728624275298,-5.80728624275298,-0.908898443904803,0
379,-0.260854455479212,-0.260854455479212,-0.260854455479212,0
380,-2.75652368122246,-2.75652368122246,-2.75652368122246,0
381,-6.34637548491702,-6.34637548491702,-0.675471664413938,0
382,-5.99404237810964,-5.99404237810964,-1.00552236827974,0
383,-6.40177497922407,-6.40177497922407,-0.924010137550202,0
384,-0.522954397813227,-0.522954397813227,-0.522954397813227,0
385,-5.61113902380318,-5.61113902380318,-1.36877408502426,0
386,-6.56149583406307,-4.91700156454056,-0.409150124385735,0
387,-4.40644956759763,-4.40644956759763,-1.70016572254359,0
388,-5.89849291258124,-5.89849291258124,-1.16375901013937,0
389,-6.30081191464491,-6.30081191464491,-0.573366896969191,0
390,-6.60951719290121,-4.158204716956,-0.313669542129795,0
391,0,0,0,0
392,-4.44522239548011,-4.44522239548011,-2.50601263951392,0
393,-5.79346862693118,-5.79346862693118,-1.07385666728321,0
394,-0.0560833248273909,-0.0560833248273909,-0.0560833248273909,0
395,-0.889939533058098,-0.889939533058098,-0.889939533058098,0
396,-4.43975658731133,-4.43975658731133,-1.42876744543305,0
397,-6.38822112121269,-6.38822112121269,-0.658630887473472,0
398,-1.50102684321804,-1.50102684321804,-1.50102684321804,0
399,-6.10857943935643,-6.10857943935643,-0.802083189204482,0
400,-5.97017008001874,-5.97017008001874,-1.57087686375594,0
401,-1.45235415585363,-1.45235415585363,-1.45235415585363,0
402,-5.46849333281,-5.46849333281,-1.16807876607212,0
403,-1.28984758982461,-1.28984758982461,-1.28984758982461,0
404,-5.46670020707315,-5.46670020707315,-1.23113370234815,0
405,-3.99033122904378,-3.99033122904378,-2.81975478553714,0
406,-0.534618969761631,-0.534618969761631,-0.534618969761631,0
407,-1.66079001569528,-1.66079001569528,-1.66079001569528,0
408,-6.32693385073364,-6.32693385073364,-0.797970105009407,0
409,-5.29650994064008,-5.29650994064008,-2.67306915595953,0
410,-5.72296211349287,-5.72296211349287,-1.33446751345581,0
411,-4.0879139414446,-4.0879139414446,-3.96860932839887,0
412,-5.62038578483288,-5.62038578483288,-2.99551833930673,0
413,-0.01108390011842,-0.01108390011842,-0.01108390011842,0
414,-3.45578123696298,-3.45578123696298,-2.49737775292148,0
415,-0.512231964855582,-0.512231964855582,-0.512231964855582,0
416,-5.52644694570982,-5.52644694570982,-3.26613446642831,0
417,-3.26671212469826,-3.26671212469826,-3.26671212469826,0
418,-6.16108008940952,-6.16108008940952,-1.09868217210059,0
419,0,0,0,0
420,-6.19097351197338,-6.19097351197338,-0.943797892100787,0
421,-6.59202730854273,-6.59202730854273,-0.340905557691683,0
422,-1.70305433096885,-1.70305433096885,-1.70305433096885,0
423,-1.6940061235453,-1.6940061235453,-1.6940061235453,0
424,-5.71985256008318,-5.71985256008318,-1.04047571836969,0
425,-4.49598117290062,-4.49598117290062,-1.76147448679271,0
426,-5.71376003661167,-5.71376003661167,-1.25995018034853,0
427,-5.63091230468641,-5.63091230468641,-1.23187505029136,0
428,0,0,0,0
429,0,0,0,0
430,-6.50346662253747,-4.85281486234477,-0.406500895331677,0
431,-0.133051098373846,-0.133051098373846,-0.133051098373846,0
432,-3.28696996952211,-3.28696996952211,-2.73667953905714,0
433,-4.97140072067679,-4.97140072067679,-2.84987136749237,0
434,-6.28602565015746,-6.28602565015746,-0.738881406327945,0
435,-4.68296635690926,-4.68296635690926,-1.61101918151555,0
436,-3.50135611259135,-3.50135611259135,-3.50135611259135,0
437,-4.82191361097991,-4.82191361097991,-3.71997450465318,0
438,-1.87814090867491,-1.87814090867491,-1.87814090867491,0
439,-6.49163020826869,-6.49163020826869,-0.604514907068208,0
440,0,0,0,0
441,-2.82499633506421,-2.82499633506421,-1.87359600598725,0
442,0,0,0,0
443,-2.12217486755201,-2.12217486755201,-1.39414868057591,0
444,-5.95277665221114,-5.95277665221114,-1.44745561449626,0
445,-3.140062533982,-3.140062533982,-2.60171653708976,0
446,0,0,0,0
447,-0.788095784366597,-0.788095784366597,-0.788095784366597,0
448,-6.15020773808155,-6.15020773808155,-1.12648844300629,0
449,-3.3102260929431,-3.3102260929431,-2.11272135857111,0
450,-6.19518499685716,-6.19518499685716,-1.12431331150533,0
451,-5.17048219587498,-5.17048219587498,-1.27667151041823,0
452,-2.33463522108341,-2.33463522108341,-2.33463522108341,0
453,-6.19541495146117,-6.19541495146117,-0.997288267750079,0
454,-6.46496290972551,-6.46496290972551,-0.580468608952338,0
455,-4.96214437238457,-4.96214437238457,-1.25424507493701,0
456,-4.38681262997809,-4.38681262997809,-2.42695258898007,0
457,-4.25335440543787,-4.25335440543787,-1.5332890569615,0
458,-6.57529818929098,-6.57529818929098,-0.350613988437469,0
459,-4.87650374207215,-4.87650374207215,-1.42000563573423,0
460,-5.6346795246504,-5.6346795246504,-1.21778542173754,0
461,-6.46447066860451,-6.46447066860451,-0.527370619878287,0
462,-5.79256211482437,-5.79256211482437,-1.10774424818728,0
463,-5.48803971643519,-5.48803971643519,-0.955667918346699,0
464,-5.71489267586322,-5.71489267586322,-1.49414752777533,0
465,-4.06962577550016,-4.06962577550016,-2.92668977334694,0
466,-6.48175063428454,-5.07887011806064,-0.443727170142606,0
467,-6.60166615782123,-4.16458352770389,-0.377561846783138,0
468,-3.84309103104442,-3.84309103104442,-2.29312009531158,0
469,-1.17017764568157,-1.17017764568157,-1.17017764568157,0
470,-6.54092602286847,-2.1624943323247,-0.20650978533701,0
471,-6.62605058681572,-6.62605058681572,-0.351103259078383,0
472,-6.53753031657105,-6.53753031657105,-0.569501736859344,0
473,-5.18852080822582,-5.18852080822582,-2.01879878090562,0
474,-0.690816045853891,-0.690816045853891,-0.690816045853891,0
475,-6.09996250858744,-6.09996250858744,-0.931536264840046,0
476,-0.214660057754507,-0.214660057754507,-0.214660057754507,0
477,-6.1257401641074,-6.1257401641074,-1.04992839861858,0
478,-6.45545752677201,-6.45545752677201,-0.582663566013699,0
479,-5.09747050990043,-5.09747050990043,-1.92029743343952,0
480,-6.54531726695778,-6.54531726695778,-0.452231112185713,0
481,-3.40367975228225,-3.40367975228225,-1.86618249840675,0
482,-6.34835640132204,-6.34835640132204,-0.776058098086176,0
483,-0.883698613911222,-0.883698613911222,-0.883698613911222,0
484,-4.37422594459584,-4.37422594459584,-1.84296865702199,0
485,-2.80504300029043,-2.80504300029043,-2.76410737814469,0
486,0,0,0,0
487,-4.0982497246838,-4.0982497246838,-2.57471116609434,0
488,-6.20509729557869,-6.20509729557869,-0.735170516775976,0
489,-0.806193340012714,-0.806193340012714,-0.806193340012714,0
490,-5.51991299927732,-5.51991299927732,-1.2903891320058,0
491,-6.73796887005857,-2.78024488217312,-0.154790659019825,0
492,-1.24391397889949,-1.24391397889949,-1.24391397889949,0
493,-5.83814090447122,-5.83814090447122,-1.00719719422876,0
494,-3.28495001085131,-3.28495001085131,-3.28495001085131,0
495,-6.51801108245273,-6.51801108245273,-0.415242782156868,0
496,-6.72272176012291,-2.42116241746603,-0.178612546379597,0
497,-6.11145320838066,-6.11145320838066,-0.946877821620384,0
498,-6.64323978336884,-3.54491817080713,-0.353949745431656,0
499,-5.77203528340638,-5.77203528340638,-1.16851462543217,0
500,-4.85431746247406,-4.85431746247406,-2.05458735587824,0
501,0,0,0,0
502,-6.05998648110079,-6.05998648110079,-0.900163072103005,0
503,0,0,0,0
504,-1.87659270574061,-1.87659270574061,-1.87659270574061,0
505,-1.63216003669704,-1.63216003669704,-1.63216003669704,0
506,-2.68735673709147,-2.68735673709147,-2.47885427589455,0
507,-6.47570124227004,-4.64933879697116,-0.431488536723293,0
508,-5.99861462462455,-5.99861462462455,-0.990384057520655,0
509,-6.65908592570775,-3.49463450279205,-0.271221928550429,0
510,-4.5518183544869,-4.5518183544869,-2.65700265853112,0
511,-1.60352818957122,-1.60352818957122,-1.60352818957122,0
512,-1.4152000448018,-1.4152000448018,-1.4152000448018,0
513,-3.03431195385327,-3.03431195385327,-3.03431195385327,0
514,-3.22741911534239,-3.22741911534239,-3.22741911534239,0
515,-4.5320811201624,-4.5320811201624,-1.55132537935495,0
516,-4.76174535428406,-4.76174535428406,-2.05369843351577,0
517,-6.52435413263447,-6.52435413263447,-0.414260255763365,0
518,-5.93502520560768,-5.93502520560768,-1.75742418087528,0
519,0,0,0,0
520,-5.19463295666085,-5.19463295666085,-1.19939752783679,0
521,-5.32063836872137,-5.32063836872137,-2.37417230101167,0
522,-3.63660950745045,-3.63660950745045,-1.79985850581671,0
523,-4.07728050756621,-4.07728050756621,-1.76095910609814,0
524,-0.222841122098882,-0.222841122098882,-0.222841122098882,0
525,-6.34800167455999,-6.34800167455999,-0.952306375023427,0
526,-2.63381259936696,-2.63381259936696,-1.65087398007483,0
527,-0.576236750187521,-0.576236750187521,-0.576236750187521,0
528,-3.02903680386583,-3.02903680386583,-3.02903680386583,0
529,-4.30658323558161,-4.30658323558161,-2.18820300036168,0
530,-1.30071255506093,-1.30071255506093,-1.30071255506093,0
531,-4.69676169561369,-4.69676169561369,-2.34420615426149,0
532,-3.68437810604376,-3.68437810604376,-3.68437810604376,0
533,-5.58425758547538,-5.58425758547538,-0.959829763221032,0
534,-6.69668816728154,-6.69668816728154,-0.257198148439449,0
535,-5.51910513165015,-5.51910513165015,-3.93447435708084,0
536,-4.53950046916661,-4.53950046916661,-2.08668363901748,0
537,-4.84364737607054,-4.84364737607054,-1.6445339492499,0
538,-1.84922850966326,-1.84922850966326,-1.84922850966326,0
539,-4.13395186427448,-4.13395186427448,-1.46291898867703,0
540,-4.84628711689988,-4.84628711689988,-1.08884710710448,0
541,-4.14083475864642,-4.14083475864642,-2.65686076251573,0
542,-3.47834564918531,-3.47834564918531,-3.47834564918531,0
543,-5.83495396909146,-5.83495396909146,-1.10632500502407,0
544,0,0,0,0
545,-5.85788933323815,-5.85788933323815,-1.50588483010333,0
546,-5.33626920493912,-5.33626920493912,-1.59816771609446,0
547,-6.65326123121984,-6.65326123121984,-0.324545566158356,0
548,0,0,0,0
549,-6.12806873941311,-6.12806873941311,-0.949676226413842,0
550,-5.54498902348853,-5.54498902348853,-0.897751187056229,0
551,0,0,0,0
552,-6.63246358925902,-6.63246358925902,-0.37302034935524,0
553,-2.83054952764952,-2.83054952764952,-2.33690952286332,0
554,-6.71737025357902,-6.71737025357902,-0.199158240217133,0
555,-6.28390647387254,-6.28390647387254,-0.677004674224733,0
556,-5.98388010559555,-5.98388010559555,-0.905866818681243,0
557,-6.42895934659977,-3.58799395309932,-0.461540459780518,0
558,-6.40028953020921,-6.40028953020921,-0.714256453851189,0
559,-4.67157817659452,-4.67157817659452,-3.77650014181741,0
560,-5.61308786398173,-5.61308786398173,-1.31575156753407,0
561,-3.79857221713893,-3.79857221713893,-3.79857221713893,0
562,-5.84786328929402,-5.84786328929402,-0.984596669395347,0
563,-4.63175079468096,-4.63175079468096,-2.49046524224819,0
564,-5.96658233529948,-5.96658233529948,-1.00407524600071,0
565,-6.17534070958342,-6.17534070958342,-0.996958189555097,0
566,-2.57536400964399,-2.57536400964399,-2.57536400964399,0
567,-1.87563401765864,-1.87563401765864,-1.87563401765864,0
568,-1.39625261835067,-1.39625261835067,-1.39625261835067,0
569,-6.38288241443487,-6.38288241443487,-0.59320601399004,0
570,-0.746027982703619,-0.746027982703619,-0.746027982703619,0
571,-6.0229295672764,-6.0229295672764,-1.00371857740007,0
572,-0.831472967560053,-0.831472967560053,-0.831472967560053,0
573,-2.50861457363718,-2.50861457363718,-2.50861457363718,0
574,-4.98396927151024,-4.98396927151024,-1.46942968517862,0
575,-6.06784609765175,-6.06784609765175,-0.761955804455827,0
576,-3.1794668285403,-3.1794668285403,-2.00815790370422,0
577,0,0,0,0
578,0,0,0,0
579,-6.42488206760994,-6.42488206760994,-0.692448426433282,0
580,-4.56259871617664,-4.56259871617664,-2.60448974261549,0
581,-4.8136827631526,-4.8136827631526,-1.32172377199417,0
582,-5.92143970339319,-5.92143970339319,-1.24844272913073,0
583,-6.73369768442291,-2.21499912604075,-0.163875008571057,0
584,-6.09104562121902,-6.09104562121902,-0.989634166419221,0
585,-4.97640555772519,-4.97640555772519,-1.18845045200852,0
586,-6.69037863896354,-3.02873180373096,-0.201999949237625,0
587,-2.8882575878413,-2.8882575878413,-2.8882575878413,0
588,-4.9504358426993,-4.9504358426993,-1.52496236935609,0
589,-6.60973097538428,-6.60973097538428,-0.439002396107035,0
590,-6.66267682944655,-3.09634284965487,-0.262197518083535,0
591,-6.64904120617572,-6.64904120617572,-0.336649020147488,0
592,-6.50276801799359,-6.50276801799359,-0.492022010038257,0
593,-4.66196707040074,-4.66196707040074,-2.94124347662995,0
594,-0.974178673005706,-0.974178673005706,-0.974178673005706,0
595,-4.1280673676533,-4.1280673676533,-2.26539022418308,0
596,-6.33660282441257,-6.33660282441257,-0.598598716662197,0
597,-5.66843348294398,-5.66843348294398,-1.58366291812279,0
598,-5.78426658121127,-5.78426658121127,-1.50413397898781,0
599,0,0,0,0
600,-6.54214009167686,-3.58584186556242,-0.359247270906596,0
601,-5.11765658194078,-5.11765658194078,-1.68718076087784,0
602,-6.23962476840089,-6.23962476840089,-0.79100243909229,0
603,-6.40341793052874,-6.40341793052874,-0.662606067917199,0
604,-6.72659806929824,-6.72659806929824,-0.230223881669796,0
605,-3.13206951938554,-3.13206951938554,-2.49065497105451,0
606,-2.64808126461984,-2.64808126461984,-1.66850799133667,0
607,-4.0855720464149,-4.0855720464149,-2.55593676131066,0
608,-3.03134912361351,-3.03134912361351,-1.34632717405615,0
609,-0.95460093548271,-0.95460093548271,-0.95460093548271,0
610,-2.54003731667915,-2.54003731667915,-2.54003731667915,0
611,-6.24614721230579,-6.24614721230579,-0.701047407340925,0
612,-6.18888366603605,-6.18888366603605,-0.732112373845845,0
613,-6.1853623469487,-6.1853623469487,-0.615996750892101,0
614,-5.65508682352518,-5.65508682352518,-0.900515743427006,0
615,-6.09208929492475,-6.09208929492475,-1.23381078049477,0
616,-6.54334800092556,-6.54334800092556,-0.427916362870193,0
617,-5.64719874745931,-5.64719874745931,-2.61162046063334,0
618,-6.04131750563406,-6.04131750563406,-1.05441756199125,0
619,-3.63816126871247,-3.63816126871247,-3.63816126871247,0
620,-6.00489626070437,-6.00489626070437,-0.964200272965052,0
621,0,0,0,0
622,-6.49331335071473,-6.49331335071473,-0.463796820615051,0
623,-1.49770687467599,-1.49770687467599,-1.49770687467599,0
624,0,0,0,0
625,-3.92281978912426,-3.92281978912426,-3.13702073062554,0
626,-5.60984960780615,-5.60984960780615,-1.30903442104938,0
627,-1.68116311863354,-1.68116311863354,-1.68116311863354,0
628,0,0,0,0
629,-4.27769699192613,-4.27769699192613,-4.27769699192613,0
630,-6.50528645976011,-4.56033187011865,-0.38755306493839,0
631,-5.63079122875161,-5.63079122875161,-1.59487162764039,0
632,-6.13524613341754,-6.13524613341754,-1.08498677539065,0
633,-4.44166646457869,-4.44166646457869,-2.32657376861837,0
634,-5.75663618883433,-5.75663618883433,-1.59454594427392,0
635,-4.03421250119714,-4.03421250119714,-4.03421250119714,0
636,-0.944135674983327,-0.944135674983327,-0.944135674983327,0
637,-5.81116544175064,-5.81116544175064,-1.34491972931625,0
638,-0.274391807436532,-0.274391807436532,-0.274391807436532,0
639,-0.747685024473639,-0.747685024473639,-0.747685024473639,0
640,0,0,0,0
641,-1.97456681068942,-1.97456681068942,-1.97456681068942,0
642,-1.33613243339687,-1.33613243339687,-1.33613243339687,0
643,-1.41755910443335,-1.41755910443335,-1.41755910443335,0
644,-5.68251714892956,-5.68251714892956,-1.98873649044345,0
645,-4.30095286455254,-4.30095286455254,-1.52129135203397,0
646,0,0,0,0
647,-4.90529355671069,-4.90529355671069,-2.90151823550793,0
648,-5.67332377052412,-5.67332377052412,-1.04600201990509,0
649,-5.82387923544681,-5.82387923544681,-0.936903065440891,0
650,-5.2340637892342,-5.2340637892342,-1.029706707335,0
651,-3.12915030306323,-3.12915030306323,-1.98572701597823,0
652,0,0,0,0
653,0,0,0,0
654,-0.929494154024138,-0.929494154024138,-0.929494154024138,0
655,-4.7998301068244,-4.7998301068244,-4.7998301068244,0
656,-5.75735146546799,-5.75735146546799,-1.41018296980778,0
657,-4.34331620383019,-4.34331620383019,-4.34331620383019,0
658,-4.65421856150795,-4.65421856150795,-1.58412654506056,0
659,-5.66990935420571,-5.66990935420571,-1.50984973653123,0
660,-2.00881981236997,-2.00881981236997,-2.00881981236997,0
661,-3.15779389349689,-3.15779389349689,-3.15779389349689,0
662,-6.25478835849505,-6.25478835849505,-0.867514982803405,0
663,-6.15806880275616,-6.15806880275616,-0.756866980839206,0
664,-1.8687264793247,-1.8687264793247,-1.8687264793247,0
665,-2.38309428533993,-2.38309428533993,-2.38309428533993,0
666,-4.03571440246855,-4.03571440246855,-3.74972231290431,0
667,-3.11761314860914,-3.11761314860914,-2.5409612251916,0
668,-6.23187918663318,-6.23187918663318,-0.709190880091912,0
669,-5.86281608137499,-5.86281608137499,-1.42215784246409,0
670,-6.42726340997083,-6.42726340997083,-0.508648635156188,0
671,-1.20132656750867,-1.20132656750867,-1.20132656750867,0
672,0,0,0,0
673,-2.42006992116898,-2.42006992116898,-2.42006992116898,0
674,-6.26445143856275,-6.26445143856275,-0.657274097855499,0
675,0,0,0,0
676,-6.27531691917501,-6.27531691917501,-0.726799126719036,0
677,-4.10377716599956,-4.10377716599956,-2.03425140866638,0
678,-3.60655231930595,-3.60655231930595,-3.60655231930595,0
679,-3.98883934434351,-3.98883934434351,-2.07317280221839,0
680,-4.9853917982041,-4.9853917982041,-2.02114741797339,0
681,-6.06937038734272,-6.06937038734272,-1.08190799116134,0
682,-3.51819853923732,-3.51819853923732,-2.39833069031838,0
683,-0.124712825165695,-0.124712825165695,-0.124712825165695,0
684,-6.71352014019609,-2.46451858065857,-0.17982396556593,0
685,-0.690878821745255,-0.690878821745255,-0.690878821745255,0
686,-6.08501050617858,-6.08501050617858,-1.23379713062683,0
687,-1.2973094952976,-1.2973094952976,-1.2973094952976,0
688,-6.67399790876531,-6.67399790876531,-0.322035652162669,0
689,-5.88809215767694,-5.88809215767694,-1.57040852576126,0
690,-5.39858264703305,-5.39858264703305,-1.85654891502107,0
691,-4.41667501369766,-4.41667501369766,-4.31515198993484,0
692,-5.9857786823213,-5.9857786823213,-0.76382823826211,0
693,-5.47924096455563,-5.47924096455563,-1.39527587923221,0
694,-6.61850311658553,-6.61850311658553,-0.336589432183192,0
695,-6.58641929536949,-6.58641929536949,-0.385749557719041,0
696,-6.426003764697,-6.426003764697,-0.87448358624574,0
697,0,0,0,0
698,-3.68662001856163,-3.68662001856163,-2.56443465309196,0
699,-6.06511842856245,-6.06511842856245,-0.801322844898757,0
700,-3.45288801630658,-3.45288801630658,-2.57045871313994,0
701,-2.34637365379679,-2.34637365379679,-2.22556361169147,0
702,-5.78428937895043,-5.78428937895043,-0.841195667667072,0
703,-1.32453394965906,-1.32453394965906,-1.32453394965906,0
704,-4.98775093849954,-4.98775093849954,-2.05239888266627,0
705,-4.91253430296313,-4.91253430296313,-2.93163812414794,0
706,-2.91334180180502,-2.91334180180502,-2.7907056392152,0
707,0,0,0,0
708,0,0,0,0
709,-1.70134316845969,-1.70134316845969,-1.70134316845969,0
710,-6.03511627385152,-6.03511627385152,-0.873633896046982,0
711,-6.65695360634484,-6.65695360634484,-0.289758832961835,0
712,-3.19875952118848,-3.19875952118848,-2.03955785937039,0
713,-6.11322796827613,-6.11322796827613,-0.699487087812629,0
714,-4.1914660271976,-4.1914660271976,-3.87112017602574,0
715,-5.11434436669927,-5.11434436669927,-1.24027426617353,0
716,-5.70579905046071,-5.58426029930185,-0.769203754144841,0
717,0,0,0,0
718,-5.90354505591624,-5.90354505591624,-2.15840819104615,0
719,-4.55308579003619,-4.55308579003619,-1.93891513500756,0
720,-6.55473625442298,-6.55473625442298,-0.542682089883785,0
721,-6.37105769956162,-6.37105769956162,-0.555630281090208,0
722,-6.22931112721384,-6.22931112721384,-0.675652097610917,0
723,-5.26664934008255,-5.26664934008255,-4.41460366202263,0
724,-6.16570157670844,-4.85956535306561,-0.702721895603921,0
725,-6.62131753195417,-6.62131753195417,-0.329021741659703,0
726,-0.741075879848271,-0.741075879848271,-0.741075879848271,0
727,-5.98307571469181,-5.98307571469181,-0.846504128774973,0
728,-6.34328168832273,-6.34328168832273,-0.830459583122865,0
729,-6.12166869186618,-6.12166869186618,-1.07400044108691,0
730,-1.51110906012229,-1.51110906012229,-1.51110906012229,0
731,-4.55984162368461,-4.55984162368461,-1.38048896272951,0
732,-5.20734101478791,-5.20734101478791,-1.44039282935556,0
733,-5.52192399158471,-5.52192399158471,-3.63242723113175,0
734,-6.50841806006125,-4.50084598417405,-0.392728021088084,0
735,-0.65441328100732,-0.65441328100732,-0.65441328100732,0
736,-4.5320416559478,-4.5320416559478,-2.0071691837857,0
737,-1.84157505273817,-1.84157505273817,-1.84157505273817,0
738,-4.55288231672303,-4.55288231672303,-3.25954558515287,0
739,0,0,0,0
740,0,0,0,0
741,-6.15470118903477,-6.15470118903477,-0.935777971455207,0
742,-0.74534072984995,-0.74534072984995,-0.74534072984995,0
743,-6.62485450554479,-6.62485450554479,-0.362819608239861,0
744,-6.32816268396971,-6.32816268396971,-0.651000026485297,0
745,-6.43321447418324,-6.43321447418324,-0.542299620869552,0
746,-6.230452561769,-6.230452561769,-1.00547508369017,0
747,-5.86664701794564,-5.86664701794564,-0.813285573342929,0
748,-6.06250762884188,-6.06250762884188,-0.94656207932724,0
749,-6.00587054043881,-6.00587054043881,-1.20118808509651,0
750,-6.13127525078455,-6.13127525078455,-0.913760423923975,0
751,-2.82336079397524,-2.82336079397524,-2.12275880728092,0
752,-4.89840427129602,-4.89840427129602,-1.92430098090676,0
753,-6.2758771141384,-6.2758771141384,-0.677567554556417,0
754,-0.457415813132633,-0.457415813132633,-0.457415813132633,0
755,-5.13762523898942,-5.13762523898942,-2.22656784216947,0
756,-3.32724728124666,-3.32724728124666,-3.06823048797852,0
757,-5.62577243663688,-5.62577243663688,-1.80754932555636,0
758,0,0,0,0
759,0,0,0,0
760,-2.03618616893488,-2.03618616893488,-2.03618616893488,0
761,0,0,0,0
762,-5.54569320172049,-5.54569320172049,-1.48827501226144,0
763,-5.81703273999928,-5.81703273999928,-1.0411479671391,0
764,-1.60829852416706,-1.60829852416706,-1.60829852416706,0
765,-6.09763894436144,-6.09763894436144,-1.05317029118342,0
766,-3.34608537546682,-3.34608537546682,-3.34608537546682,0
767,-4.90427986922897,-4.90427986922897,-1.46140283558968,0
768,-1.99958746450777,-1.99958746450777,-1.99958746450777,0
769,0,0,0,0
770,-4.28558459579416,-4.28558459579416,-1.48382371505112,0
771,-6.67618065304854,-5.54712314623695,-0.217043769249517,0
772,-1.09261801944419,-1.09261801944419,-1.09261801944419,0
773,-5.31867640771618,-5.31867640771618,-1.89371739971667,0
774,-1.44573276192043,-1.44573276192043,-1.44573276192043,0
775,-6.24673464803011,-6.24673464803011,-0.822124793416817,0
776,-6.75234774571429,-3.1619573831608,-0.138927830590943,0
777,0,0,0,0
778,-4.20033635183025,-4.20033635183025,-3.92341408661336,0
779,-5.78067315168769,-5.78067315168769,-1.00973352685802,0
780,-6.39508289522244,-6.39508289522244,-0.556097624448497,0
781,-5.9544782103043,-5.9544782103043,-0.954836135060465,0
782,-6.69569481421899,-6.69569481421899,-0.245104752550027,0
783,-0.199699656486974,-0.199699656486974,-0.199699656486974,0
784,-6.48526103163282,-6.48526103163282,-0.520175716225813,0
785,-5.68463657559213,-5.68463657559213,-1.03540346865094,0
786,-4.47254754410953,-4.47254754410953,-4.38358361021332,0
787,0,0,0,0
788,-6.38102991518015,-6.38102991518015,-0.656943544682228,0
789,-3.03117884194695,-3.03117884194695,-2.73457878683857,0
790,-6.1916723773001,-6.1916723773001,-0.824765842087379,0
791,-0.576038717149243,-0.576038717149243,-0.576038717149243,0
792,-5.15681865940321,-5.15681865940321,-1.39442822524752,0
793,-5.90886839524912,-5.90886839524912,-1.1314026165486,0
794,0,0,0,0
795,-6.61908391124286,-4.34687075951509,-0.273358228070648,0
796,-6.41948183827068,-6.41948183827068,-0.534619774275281,0
797,-3.05550873803981,-3.05550873803981,-3.05550873803981,0
798,-5.89985148327521,-5.89985148327521,-1.52325753609648,0
799,-1.07387930650473,-1.07387930650473,-1.07387930650473,0
800,-0.96432517117534,-0.96432517117534,-0.96432517117534,0
801,-3.68601378010535,-3.68601378010535,-1.66655603878573,0
802,-6.05681461302067,-6.05681461302067,-0.902181626183339,0
803,-2.99190205430656,-2.99190205430656,-2.99190205430656,0
804,-3.15733789885889,-3.15733789885889,-3.15733789885889,0
805,-6.1530357743587,-6.1530357743587,-1.6792808455277,0
806,-5.73938700103459,-5.73938700103459,-1.4129293259876,0
807,-3.72056520317582,-3.72056520317582,-3.72056520317582,0
808,0,0,0,0
809,-4.16464604190616,-4.16464604190616,-1.62214361797472,0
810,-5.55283714338456,-5.55283714338456,-1.22068690217324,0
811,-2.38310544535678,-2.38310544535678,-2.38310544535678,0
812,-2.24399665821432,-2.24399665821432,-2.24399665821432,0
813,-6.5488909328529,-6.5488909328529,-0.441704716681101,0
814,-4.52474198837051,-4.52474198837051,-1.93798322986337,0
815,-4.52739428542853,-4.52739428542853,-4.52739428542853,0
816,-4.89306304221683,-4.89306304221683,-3.01898480109399,0
817,-6.2991190180538,-6.2991190180538,-0.78715872949325,0
818,-6.5695955086478,-6.5695955086478,-0.561581121492548,0
819,-3.4902994933084,-3.4902994933084,-2.93622989760654,0
820,-1.67587799393213,-1.67587799393213,-1.67587799393213,0
821,0,0,0,0
822,-1.24461348381028,-1.24461348381028,-1.24461348381028,0
823,-2.4915632733544,-2.4915632733544,-1.81212188046255,0
824,-3.79109008137316,-3.79109008137316,-1.8958056492509,0
825,-6.48163993507002,-6.48163993507002,-0.520736670662995,0
826,-5.73796343004457,-5.73796343004457,-0.947942358747426,0
827,-5.60767383043761,-5.60767383043761,-5.60767383043761,0
828,-6.70606100812417,-3.82596103174642,-0.198344413276603,0
829,-6.16967471261548,-6.16967471261548,-0.634790588675539,0
830,-1.77064929003352,-1.77064929003352,-1.77064929003352,0
831,-6.28531319883719,-6.28531319883719,-1.04070808703062,0
832,-6.42873666079055,-6.42873666079055,-0.699410500748475,0
833,0,0,0,0
834,-2.61035218003457,-2.61035218003457,-2.61035218003457,0
835,-6.6086941736171,-6.6086941736171,-0.368471160207436,0
836,-3.58136003560451,-3.58136003560451,-1.42510812973387,0
837,-0.454523913860926,-0.454523913860926,-0.454523913860926,0
838,-3.45082234947967,-3.45082234947967,-2.36873176781124,0
839,-5.53920003008252,-5.53920003008252,-2.10542494538683,0
840,-6.71028495458096,-2.97130938789657,-0.204151949415559,0
841,-3.8975179363858,-3.8975179363858,-2.23019602539256,0
842,-6.23617219877926,-6.23617219877926,-0.813228304075827,0
843,-2.1688479714871,-2.1688479714871,-2.1688479714871,0
844,-4.44743393755509,-4.44743393755509,-2.72000130251296,0
845,-4.40687258770113,-4.40687258770113,-2.01971843300598,0
846,-0.00544244852167264,-0.00544244852167264,-0.00544244852167264,0
847,-5.32315732020619,-5.32315732020619,-4.74635656545601,0
848,-0.441837293697531,-0.441837293697531,-0.441837293697531,0
849,-0.352361992766295,-0.352361992766295,-0.352361992766295,0
850,-5.79084529593066,-5.79084529593066,-4.12887760425062,0
851,-6.19976681056156,-6.19976681056156,-0.855119010631932,0
852,-5.45326505397779,-5.45326505397779,-1.13437735378781,0
853,-0.135744851082656,-0.135744851082656,-0.135744851082656,0
854,-5.58972356686881,-5.58972356686881,-1.19808699169339,0
855,-6.04517777503515,-6.04517777503515,-1.05338359487673,0
856,-0.952454009714464,-0.952454009714464,-0.952454009714464,0
857,-1.46953568850352,-1.46953568850352,-1.46953568850352,0
858,-4.1419081271656,-4.1419081271656,-2.39838238931897,0
859,-3.57550952117633,-3.57550952117633,-3.57550952117633,0
860,-4.26202910896867,-4.26202910896867,-2.49030173772527,0
861,-1.67164055871491,-1.67164055871491,-1.67164055871491,0
862,-5.57761262162495,-5.57761262162495,-1.21620153956831,0
863,-4.33178465037294,-4.33178465037294,-2.25822793247761,0
864,0,0,0,0
865,-6.45638877637811,-6.45638877637811,-0.739826951645375,0
866,-0.417129230343868,-0.417129230343868,-0.417129230343868,0
867,-2.63262023571297,-2.63262023571297,-2.63262023571297,0
868,-6.28670882678305,-6.28670882678305,-0.861822763367952,0
869,-1.62521735718703,-1.62521735718703,-1.47778114491688,0
870,-2.04081598159073,-2.04081598159073,-2.04081598159073,0
871,-5.33989517193574,-5.33989517193574,-1.55891651864825,0
872,-5.43269753960733,-5.43269753960733,-1.47005126219597,0
873,-4.22233721697665,-4.22233721697665,-4.22233721697665,0
874,-4.08382130787938,-4.08382130787938,-4.08382130787938,0
875,-1.82576234727189,-1.82576234727189,-1.82576234727189,0
876,-0.37946299701821,-0.37946299701821,-0.37946299701821,0
877,-4.8417241839111,-4.8417241839111,-3.02085601060682,0
878,-6.71828052630234,-6.71828052630234,-0.196508675254019,0
879,-5.95879308733561,-5.95879308733561,-1.14746251972667,0
880,-6.13110565518438,-6.13110565518438,-1.14095879504384,0
881,-3.13516862056674,-3.13516862056674,-2.9164562246748,0
882,-6.22909429402419,-4.19789062342,-0.600624173084893,0
883,-6.59629181117395,-6.59629181117395,-0.388357788576383,0
884,-2.10982962893603,-2.10982962893603,-2.10982962893603,0
885,-2.059482889767,-2.059482889767,-2.059482889767,0
886,-2.04194438798612,-2.04194438798612,-2.04194438798612,0
887,-2.72341665259374,-2.72341665259374,-2.72341665259374,0
888,-5.28922966147943,-5.28922966147943,-1.18291293208909,0
889,0,0,0,0
890,-2.54823693411883,-2.54823693411883,-2.54823693411883,0
891,-4.96359602634739,-4.96359602634739,-1.4924937106333,0
892,-4.48918595674376,-4.48918595674376,-1.63485870215978,0
893,-6.6030953713087,-6.6030953713087,-0.510775356280309,0
894,-6.14334584440401,-4.54561248460234,-0.669233191103173,0
895,-6.30035893132835,-6.30035893132835,-0.667578084364749,0
896,-5.32838326580674,-5.32838326580674,-1.90674158198348,0
897,-4.69984533085031,-4.69984533085031,-1.62681170241825,0
898,0,0,0,0
899,-0.986228474293036,-0.986228474293036,-0.986228474293036,0
900,-5.44559871459191,-5.44559871459191,-2.36318138601079,0
901,-4.94967094640293,-4.94967094640293,-4.94967094640293,0
902,-6.09731389103014,-6.09731389103014,-1.02038407888483,0
903,-4.3827593953896,-4.3827593953896,-2.15649844685039,0
904,-5.95734262888416,-5.95734262888416,-1.2383346849138,0
905,0,0,0,0
906,-5.08863853378569,-5.08863853378569,-2.30434719901108,0
907,-2.31616052893097,-2.31616052893097,-2.31616052893097,0
908,-6.62814949095717,-6.62814949095717,-0.359892841078853,0
909,-0.299459382295424,-0.299459382295424,-0.299459382295424,0
910,-5.59309348908486,-5.59309348908486,-1.49561550381273,0
911,-6.52002819233503,-6.52002819233503,-0.512216127938634,0
912,-0.854717195631817,-0.854717195631817,-0.854717195631817,0
913,-6.34581129763462,-6.34581129763462,-0.768926258981341,0
914,-4.61822617279736,-4.61822617279736,-2.01303507704439,0
915,-3.48211841893869,-3.48211841893869,-3.48211841893869,0
916,-5.7322679693074,-5.7322679693074,-2.09425512307873,0
917,-6.15507139428781,-6.15507139428781,-0.885624338272163,0
918,-5.65743860302973,-5.65743860302973,-1.86106661804933,0
919,-1.44406196412992,-1.44406196412992,-1.44406196412992,0
920,-6.71132280151927,-6.71132280151927,-0.193274333870203,0
921,-6.26676050465609,-6.26676050465609,-0.780267332127963,0
922,-5.75125469010968,-5.75125469010968,-1.65248952933198,0
923,-6.26075311951289,-6.26075311951289,-0.637294945669288,0
924,-5.60580269790129,-5.60580269790129,-1.87075505006312,0
925,-6.09191021193737,-6.09191021193737,-0.770483015612995,0
926,-5.87569314379834,-5.87569314379834,-1.13337859974841,0
927,-4.12422349036408,-4.12422349036408,-2.58088571071329,0
928,-3.87974588809074,-3.87974588809074,-1.9006167349473,0
929,-1.51419546267597,-1.51419546267597,-1.51419546267597,0
930,0,0,0,0
931,-3.88404927767319,-3.88404927767319,-2.82729836494151,0
932,-2.26228216092459,-2.26228216092459,-2.26228216092459,0
933,-6.32634941176866,-6.32634941176866,-0.612910816436531,0
934,-5.87057746440347,-5.87057746440347,-1.1917837107858,0
935,-5.4574708220355,-5.4574708220355,-1.69299471355779,0
936,-6.46316208850513,-6.46316208850513,-0.541621015802892,0
937,-6.64482145344387,-6.64482145344387,-0.278210659788957,0
938,-1.49582444135049,-1.49582444135049,-1.49582444135049,0
939,-0.672695256434801,-0.672695256434801,-0.672695256434801,0
940,-6.18582132308546,-6.18582132308546,-1.02631751834021,0
941,-5.37745574432197,-5.37745574432197,-2.13920032943526,0
942,0,0,0,0
943,-3.95575737355188,-3.95575737355188,-2.37878611738525,0
944,-1.47134839389325,-1.47134839389325,-1.47134839389325,0
945,-5.71452541544658,-5.71452541544658,-1.35584402420994,0
946,-6.54968284193648,-6.54968284193648,-0.386638150917844,0
947,-6.47864556743809,-6.47864556743809,-0.504387886833107,0
948,-5.16794768140372,-5.16794768140372,-1.89745045827726,0
949,-2.51654241590534,-2.51654241590534,-2.51654241590534,0
950,-5.51637774481001,-5.51637774481001,-3.30458043170645,0
951,0,0,0,0
952,0,0,0,0
953,-6.4871644185188,-6.4871644185188,-0.76147301330486,0
954,-6.36173664541966,-6.36173664541966,-0.537546037353176,0
955,-6.18495878179348,-6.18495878179348,-0.682046813985236,0
956,-3.26707224856007,-3.26707224856007,-1.66452659089894,0
957,-6.62199351193069,-6.62199351193069,-0.338611535925704,0
958,-6.0655373900825,-6.0655373900825,-1.58514238532858,0
959,-6.41092748853912,-6.41092748853912,-0.504011830094928,0
960,-3.06561537194775,-3.06561537194775,-1.87513640228739,0
961,-3.91740134729512,-3.91740134729512,-2.16499942654488,0
962,-2.02549224169276,-2.02549224169276,-2.02549224169276,0
963,-1.25799160928984,-1.25799160928984,-1.25799160928984,0
964,-5.4390521400365,-5.4390521400365,-0.926212974859384,0
965,-5.70378088847869,-5.70378088847869,-1.27480916004587,0
966,-6.66663027681884,-6.66663027681884,-0.251104276853448,0
967,0,0,0,0
968,-3.40795834663799,-3.40795834663799,-3.40795834663799,0
969,-3.59700205474815,-3.59700205474815,-2.35910087018107,0
970,-6.56477093240282,-2.92225527879063,-0.386340799205444,0
971,-5.53336606021704,-5.53336606021704,-0.9647135159001,0
972,-3.54071512689706,-3.54071512689706,-2.5941805964566,0
973,-6.37055413168838,-5.07609297091804,-0.486208788926446,0
974,-3.47459444499952,-3.47459444499952,-3.47459444499952,0
975,-6.64179654433749,-6.64179654433749,-0.26699597357132,0
976,-6.25005623766113,-6.25005623766113,-0.901612107953364,0
977,-3.31366804230183,-3.31366804230183,-3.31366804230183,0
978,-4.89993627230399,-4.89993627230399,-1.21015580909607,0
979,-6.34732652627943,-6.34732652627943,-0.676739855195002,0
980,-3.25062553907168,-3.25062553907168,-2.33692039678625,0
981,-3.92712905237653,-3.92712905237653,-3.05326388996598,0
982,-4.70081586694433,-4.70081586694433,-2.92361123901741,0
983,-1.03074721644159,-1.03074721644159,-1.03074721644159,0
984,-6.63018647651578,-6.63018647651578,-0.4028038117692,0
985,0,0,0,0
986,-5.38557930255915,-5.38557930255915,-1.47100444687484,0
987,-5.41113759374529,-5.41113759374529,-1.08649206473144,0
988,-3.59061018257113,-3.59061018257113,-3.15199061432753,0
989,-6.48762378382404,-6.48762378382404,-0.509901641981522,0
990,-6.15151783303305,-6.15151783303305,-0.708296579240692,0
991,-6.52178523519262,-6.52178523519262,-0.575014533924906,0
992,-6.0050874902251,-6.0050874902251,-1.2794665220112,0
993,-6.43371195433505,-6.43371195433505,-0.596837566482626,0
994,-5.70182966389841,-5.70182966389841,-2.03738235198942,0
995,0,0,0,0
996,-3.1828538715429,-3.1828538715429,-3.1828538715429,0
997,-5.63516992962409,-5.63516992962409,-1.0668553127789,0
998,-6.50151647043285,-6.50151647043285,-0.473202801101415,0
999,-6.67497130503439,-2.56181680749362,-0.223105280129077,0
1000,-0.526728744013263,-0.526728744013263,-0.526728744013263,0
1001,0,0,0,0
1002,-4.51659293954094,-4.51659293954094,-2.22642674821473,0
1003,-0.49042999210634,-0.49042999210634,-0.49042999210634,0
1004,-6.52246971651477,-6.05903458390853,-0.54969312993216,0
1005,0,0,0,0
1006,-2.13710150806775,-2.13710150806775,-2.13710150806775,0
1007,0,0,0,0
1008,-6.46861613500241,-6.46861613500241,-0.637762296613631,0
1009,-0.232825969143575,-0.232825969143575,-0.232825969143575,0
1010,-6.46549032543322,-4.91994185217159,-0.558590379502615,0
1011,-2.48995853192138,-2.48995853192138,-0.91766190795414,0
1012,-4.31972990880221,-1.3925176529462,-0.136101185026851,0
1013,0,0,0,0
1014,-6.2791478456609,-6.2791478456609,-1.19812676067508,0
1015,-2.30895115032433,-2.30895115032433,-1.55607806923733,0
1016,-6.76715599100503,-2.62731333002035,-0.158868014556924,0
1017,0,0,0,0
1018,-2.98701608856705,-2.98701608856705,-2.98701608856705,0
1019,-0.156843236622388,-0.156843236622388,-0.156843236622388,0
1020,-6.47327409919668,-6.47327409919668,-0.700335990787034,0
1021,0,0,0,0
1022,0,0,0,0
1023,0,0,0,0
1024,-6.36009830388339,-6.36009830388339,-0.919268278029622,0
1025,0,0,0,0
1026,-6.33100208690072,-6.33100208690072,-0.979138284315443,0
1027,-2.3656689664737,-2.3656689664737,-1.1556851251555,0
1028,-6.76990738840874,-2.31486507245572,-0.162892261587922,0
1029,0,0,0,0
1030,-5.45957764503274,-5.45957764503274,-5.45957764503274,0
1031,-2.05312117075964,-2.05312117075964,-2.05312117075964,0
1032,-6.74059810017548,-6.74059810017548,-0.20460453568674,0
1033,0,0,0,0
1034,-4.67915317860564,-4.67915317860564,-1.27179652296102,0
1035,-0.994521958722816,-0.994521958722816,-0.994521958722816,0
1036,-6.59230648385395,-2.64229271379177,-0.276450010750917,0
1037,0,0,0,0
1038,-2.26275535160122,-2.26275535160122,-1.7487173647301,0
1039,-0.366014164182924,-0.366014164182924,-0.366014164182924,0
1040,-6.54322140453691,-6.54322140453691,-0.341791698705162,0
1041,-0.730347034016387,-0.730347034016387,-0.730347034016387,0
1042,-6.23297214993062,-3.45307864298257,-0.410721378371899,0
1043,-2.9271648108154,-2.84037255715111,-0.762935294141215,0
1044,-2.69933555023655,-0.824918967152338,-0.070204038950972,0
1045,0,0,0,0
1046,-6.29525417335911,-6.29525417335911,-1.04849462385983,0
1047,-2.7416970976777,-2.7416970976777,-1.18212484545711,0
1048,-6.77360548271957,-1.33465510991716,-0.0862716589699336,0
1049,0,0,0,0
1050,-3.20239471255508,-3.20239471255508,-1.93710467652272,0
1051,-0.729428717110562,-0.729428717110562,-0.729428717110562,0
1052,-6.55772994607623,-5.84652955936222,-0.337780010038483,0
1053,0,0,0,0
1054,0,0,0,0
1055,0,0,0,0
1056,-6.45475841511592,-6.45475841511592,-0.500135071621815,0
1057,0,0,0,0
1058,-6.3506663992277,-6.3506663992277,-0.748664031009457,0
1059,-2.81396326098285,-2.81396326098285,-0.882049942456738,0
1060,-4.74858664341208,-1.07930189179147,-0.0819194978044626,0
1061,0,0,0,0
1062,-5.47752907168136,-5.47752907168136,-5.47752907168136,0
1063,-2.49234882954646,-2.49234882954646,-1.92098156979573,0
1064,-6.74801970626937,-6.74801970626937,-0.110649766496447,0
1065,0,0,0,0
1066,-4.40941998260375,-4.40941998260375,-4.40941998260375,0
1067,-0.32669404123542,-0.32669404123542,-0.32669404123542,0
1068,-6.49783791683259,-6.49783791683259,-0.671022358701342,0
1069,0,0,0,0
1070,-2.01140033690069,-2.01140033690069,-2.01140033690069,0
1071,0,0,0,0
1072,-6.4356899777093,-6.4356899777093,-0.808200478469051,0
1073,0,0,0,0
1074,-6.45456714056553,-6.45456714056553,-0.669401068224777,0
1075,-2.41208194203375,-2.41208194203375,-1.09482938581063,0
1076,-6.77557585407405,-2.12639501650368,-0.159271746507898,0
1077,0,0,0,0
1078,-6.26572105475476,-6.26572105475476,-1.34899638131732,0
1079,-2.20782845308962,-2.20782845308962,-2.20782845308962,0
1080,-6.75698827035461,-6.75698827035461,-0.192576786520814,0
1081,0,0,0,0
1082,-2.57530868554926,-2.57530868554926,-2.57530868554926,0
1083,0,0,0,0
1084,-6.41384029045269,-6.41384029045269,-1.05157131911415,0
1085,0,0,0,0
1086,0,0,0,0
1087,0,0,0,0
1088,-6.27612370223647,-6.27612370223647,-1.56034995252544,0
1089,0,0,0,0
1090,-6.30741013567664,-6.30741013567664,-1.40945607967974,0
1091,-2.20961553089744,-2.20961553089744,-1.54625974037116,0
1092,-6.75345778407981,-6.75345778407981,-0.222891012071694,0
1093,0,0,0,0
1094,-5.43246401916666,-5.43246401916666,-5.43246401916666,0
1095,-1.85151476134871,-1.85151476134871,-1.85151476134871,0
1096,-6.71975418677626,-6.71975418677626,-0.298229789461153,0
1097,0,0,0,0
1098,-4.66508154584423,-4.66508154584423,-1.43586268259136,0
1099,-0.906082093911938,-0.906082093911938,-0.906082093911938,0
1100,-6.58240552727595,-4.1156877560737,-0.307682561606985,0
1101,0,0,0,0
1102,-2.25019500670704,-2.25019500670704,-1.99416841962513,0
1103,-0.242467327200195,-0.242467327200195,-0.242467327200195,0
1104,-6.53064152218927,-6.53064152218927,-0.385702220661225,0
1105,-0.590386989987154,-0.590386989987154,-0.590386989987154,0
1106,-6.47458545580541,-3.92456331080652,-0.428271490850647,0
1107,-2.86435887421638,-2.86435887421638,-0.821184330734252,0
1108,-3.78492457762211,-0.957072297269563,-0.0784657891987134,0
1109,0,0,0,0
1110,-6.28613355509798,-6.28613355509798,-1.070221068388,0
1111,-2.65972083737994,-2.65972083737994,-1.31682450071975,0
1112,-6.76436899227574,-1.8983858596798,-0.099299856064297,0
1113,0,0,0,0
1114,-3.17301314127076,-3.17301314127076,-3.16819666411795,0
1115,-0.554198274182689,-0.554198274182689,-0.554198274182689,0
1116,-6.53660658856912,-6.53660658856912,-0.418786366288954,0
1117,0,0,0,0
1118,0,0,0,0
1119,0,0,0,0
1120,-6.42710887157676,-6.42710887157676,-0.620299039770762,0
1121,0,0,0,0
1122,-6.33551439272525,-6.33551439272525,-0.796398451988234,0
1123,-2.68721614977664,-2.68721614977664,-1.00158765857866,0
1124,-6.76358733773058,-1.73047298671735,-0.103538889867296,0
1125,0,0,0,0
1126,-5.4619264753835,-5.4619264753835,-5.4619264753835,0
1127,-2.32794571319807,-2.32794571319807,-2.26741740397036,0
1128,-6.7300997636183,-6.7300997636183,-0.146994736465438,0
