"Run.ID","P0.Regret.GN","P1.Regret.GN","P2.Regret.GN","P3.Regret.GN"
1,0,0.000688438288042525,0.00353675784077501,0.00465212402050517
2,0.00678917896158067,0.00749936467798776,0.00203190203130832,0
3,0,0.00160671585243273,0.00992128171900535,0.00709151742368251
4,0.000215059691244452,0.000704783089742781,0.00140284352976768,0
5,0,0.00186847891147197,0.00250058276446234,0.00140740204113696
6,0,0.00197452288596258,0.0072367815154636,0.00617094801804095
7,0,0.00102469628753667,0.00922758706723736,0.0172249731901584
8,0.000401176128961331,0.00104219609250967,0.00160440570548973,0
9,0,0.000876420377424091,0.00551031325749924,0.00925002674751973
10,0,0.00113039093503895,0.0110789333712649,0.0118310007376382
11,0,0.000805955071132276,0.0041467925993955,0.00594365581845831
12,0.00306614252314131,0.01041636713656,0.00040032568380987,0
13,0.00526767306432259,0.00764110279827798,0.00109440075370843,0
14,0,0.000856528844385925,0.00631354583984989,0.0124210391054141
15,0,0.000792156962409619,0.00536209486871246,0.0100649491858473
16,0.0121284591015252,0.00711895579008481,0.000835382285700764,0
17,0,0.00354076498306963,0.00199570370870875,0.00125292257905695
18,0,0.00135241113624548,0.0172883949024306,0.0157065334911009
19,0.00414986292354126,0.00744348570652652,0.000691283647514217,0
20,0,0.000566796904808658,0.00265351084532024,0.00369960773953639
21,0.00132270328825208,0.0035582129784241,0.00134744962161734,0
22,0.00593423465659271,0.00772325612381611,0.00212763652193939,0
23,0,0.00363347515655997,0.00241329118004409,0.00191385101426271
24,0,0.00117539565574844,0.00551571524369748,0.00441649551900351
25,0,0.00109199383007198,0.00635415389021339,0.00522834162408254
26,0,0.00226275446154587,0.00128303895987083,0.000287987815599352
27,0,0.00140171580687371,0.00568711929244606,0.0035856172182021
28,0,0.000853248128207241,0.0056750372115306,0.00836808677001536
29,0,0.00126752847447358,0.00752097398993652,0.00606451448573593
30,0,0.00314267899446996,0.00193635534211375,0.00108715890326514
31,0,0.00122018604438971,0.0102873645465056,0.00599495160985168
32,0,0.000606478007195621,0.00304279528248491,0.00469251522351569
33,0.00458574107242212,0.00697707219689277,0.000937738888556496,0
34,0.00720421530045422,0.00875781228814709,0.0013615722451286,0
35,0,0.000656570591070575,0.00194081952426593,0.000739861078638651
36,0.00282521358457258,0.00507006812809341,0.00163832458666674,0
37,0,0.00164858278403623,0.00340919402566694,0.00151508132020779
38,0.00897202874677817,0.00731369666924549,0.000713540776028098,0
39,0.0118458289797486,0.00859717725438195,0.000517367042315961,0
40,0.00855106335281961,0.00669291051989521,0.000616455460693988,0
41,0,0.000803878174481035,0.0061909476441363,0.0125302207235197
42,0,0.000890458055342571,0.00545777776508869,0.00839298859318794
43,0.011607060929927,0.0122014732122483,0.0020307076402909,0
44,0.00840231189584911,0.00939141315741568,0.000946583675164408,0
45,0,0.00135688593652228,0.0174975191705584,0.0207192060344639
46,0,0.00190043216514269,0.0182003455922699,0.0171207568615638
47,0.0104624191770886,0.00926115652473876,0.0017913088108499,0
48,0.00411484517055281,0.00535661156343592,0.00226887090008019,0
49,0,0.00164495140914988,0.00223891871827291,0.00048032862306471
50,0.00801532121291635,0.00752210136747422,0.00120419043909249,0
51,0.0104433258861388,0.00466569243114979,0.000571435669114006,0
52,0,0.00421142332572282,0.00450248150047072,0.0039531212447943
53,0,0.00185617212269314,0.00491636567694219,0.00318936735918949
54,0,0.00115244062169226,0.0112471028589264,0.0203439346353039
55,0,0.000954134132500832,0.00835654261712447,0.015949197052406
56,0,0.000939720726064713,0.00573578466485037,0.00960548773247899
57,0.00568250786486388,0.00647607050908971,0.00335096358617511,0
58,0,0.00115151008185149,0.00968869088945305,0.0120484182974598
59,0,0.00186952501780946,0.00352588374264127,0.0015060907761193
60,0,0.000987128598906876,0.00448974650622243,0.00447576985756204
61,0,0.00166016794175397,0.0208421039755956,0.0192387354426002
62,0.00075942137972464,0.00229907169642861,0.00163068552795663,0
63,0,0.00242664594563842,0.00241677711609845,0.00135529668558691
64,4.28442061884155e-05,0.000728094244765531,0.00162521621163938,0
65,0,0.00115940728400948,0.00877249440488397,0.00992871921768101
66,0.0130032987021284,0.00755131998530477,0.00109948787784928,0
67,0,0.00129616867786826,0.0137841905006102,0.0186701947272133
68,0,0.00100671486237326,0.00537756166328932,0.00689127763855911
69,0,0.000976726537051872,0.00634846446225295,0.0102117842068911
70,0,0.0016249674459274,0.00484604063391553,0.00328558446652746
71,0.0128244859492649,0.0132859678211116,0.000891323761962382,0
72,0,0.00112858153672302,0.00925463467696723,0.0126271703726649
73,0,0.000823291498286298,0.00596801191720804,0.00932899146460763
74,0,0.0010579053791624,0.00926344632248129,0.0180245489994909
75,0,0.00128281427018305,0.00392114798431499,0.00156904428997172
76,0.00202533237388054,0.00270103084532413,0.0021176123668425,0
77,0.00898864756046319,0.00664185867185911,0.00107640646096701,0
78,0,0.00173817354752341,0.00718660471649702,0.00573996022880275
79,0.0212774354391873,0.00900796756010782,0.000663668510692966,0
80,0.00481481483277997,0.00512601024413914,0.00196450633846265,0
81,0,0.000803574998143965,0.00511818114891974,0.00924368610012696
82,0,0.00264916579077707,0.00151101615437554,0.000571534046719724
83,0,0.000754958329140396,0.00456210725254451,0.0077965371457154
84,0,0.000991830831603637,0.00601767636336156,0.00739052262746112
85,0,0.000676513698711762,0.00427653553640885,0.00738643607401498
86,0.00368091032856486,0.00503969422427718,0.0018774624036988,0
87,0.011773000361351,0.00584063661641823,0.000707414416691383,0
88,0.00110392740723277,0.00256901331846289,0.00198883571728698,0
89,0,0.000988817899738819,0.00285845262318362,0.00123113243540994
90,0.012692441929268,0.0050907406758752,0.0005323835162898,0
91,0.00277718680112093,0.00303469326206901,0.00165582925756188,0
92,0,0.000435972823253318,0.00216852583530485,0.00306193041166773
93,0.0114675444272236,0.00887656465648299,0.000757834804402235,0
94,0.00287372881929889,0.00308137137829749,0.00162391611379352,0
95,0.000577164316856012,0.00229699851106982,0.00303487743880202,0
96,0,0.0009704197316074,0.00754347000627396,0.0141108157156347
97,0.00856849317252885,0.0107227474825226,0.00119321831650336,0
98,0,0.00101448643404296,0.0059748932837344,0.00844867091081204
99,0.00571987857259606,0.00773879528846266,0.00166359254218064,0
100,0,0.0012103497264082,0.0051994593254102,0.00346839530182197
101,0,0.00122548168813267,0.00808395507360916,0.0113780692179691
102,0.0125642527320686,0.0126078689538908,0.00235411039040883,0
103,0.00745275726723175,0.0117233020809365,0.00080946112714941,0
104,0,0.00157198150774342,0.0104462957870266,0.00889623049971547
105,0.00268689221260361,0.00348740321830926,0.00267471637424788,0
106,0,0.001080845593398,0.0073627779753198,0.0105138613871643
107,0.00329034205362545,0.00593357996995922,0.00144466812067379,0
108,0.014705511115341,0.0144299396310824,0.00102048537636333,0
109,0,0.00185779843888006,0.0033009333765313,0.00160128922346672
110,0.00229291646050707,0.00331789143877227,0.00481345817426026,0
111,0,0.000520668918910285,0.00204711462897936,0.00194310691302168
112,0,0.00107357950761141,0.0096271634627932,0.0124527299834765
113,0,0.000876176354122578,0.00713123420509462,0.0141953009485993
114,0.00773284281016938,0.008822047715833,0.00269921048084064,0
115,0.00993930928954324,0.009706526091108,0.000513247669453917,0
116,0,0.000820862613220855,0.00545876227320773,0.00922079874925712
117,0.00129529181768567,0.00420817343108187,0.00070058940584234,0
118,0.00614879296779594,0.00984397056870567,0.00131152022198667,0
119,0,0.00124694044058145,0.0057454378198379,0.00532337357972842
120,0,0.00152734868829431,0.00808569786454167,0.00673146881754686
121,0.00974678103388673,0.014578352171686,0.000644288283790428,0
122,0,0.00177459177133178,0.0165130670446665,0.0154247837821975
123,0,0.000442541444388815,0.00211791771247924,0.00292605571599254
124,0.0118675001121647,0.0113598089240138,0.0014761371995269,0
125,0,0.00105078214840511,0.00828434289914161,0.0146325471565319
126,0.0130183893639899,0.00481710198895575,0.000384048154993905,0
127,0,0.00057598784904714,0.00277223308391353,0.00371647198370596
128,0,0.00123981258102378,0.00902883451816511,0.00795748275644641
129,0,0.000825052427333224,0.00566682352649639,0.0104592410069166
130,0.017986720508458,0.00608041880494048,0.000767928531986071,0
131,0.0123190409376366,0.00618829395129991,0.000887226494922816,0
132,0,0.00152667703740491,0.00983776270726028,0.008277161352842
133,0,0.00192369406188478,0.00769902779750392,0.00608318239136399
134,0,0.00284543539437702,0.00188340370493722,0.00119439758921724
135,0,0.00110671989437011,0.00939330496293802,0.0162541514813331
136,0.0101322319207053,0.0107781823043478,0.00155819052097653,0
137,0.00210639856311366,0.00244134682334618,0.00219846797747329,0
138,0.00219604128973404,0.00488920674235802,0.000984874762434938,0
139,0.000942784745798651,0.00307516842781156,0.000966410318581638,0
140,0,0.000837494519202939,0.00659706735411294,0.0127857688531413
141,0.00819126864641797,0.00609706218504377,0.00115278901172374,0
142,0,0.00094866889082568,0.00451091269291133,0.0020045246141265
143,0.0139277728382253,0.00639176370959859,0.000718061389176804,0
144,0,0.000829136490602289,0.00294455385566137,0.00250761389641421
145,0.00496374666037675,0.00583428103219924,0.0013049183585855,0
146,0,0.000982737287729619,0.00708933611956868,0.0125267568740089
147,0,0.00295498088557544,0.00241117655281427,0.00166192733360145
148,0,0.000813137727972785,0.00463652385218427,0.0060928341050218
149,0,0.00102865191530268,0.00608348282488624,0.00771474392276502
150,0,0.00116296352620684,0.0124988900387003,0.0247618868427769
151,0.0107617582598552,0.00523259551828683,0.000428079562956391,0
152,0,0.0005341574546931,0.0025390570843184,0.00344700776469453
153,0.0136712697858537,0.00878090608382348,0.00138486383468224,0
154,0.00306564206172055,0.00313832853819716,0.00158226680654669,0
155,0,0.000866994399988257,0.00555160113171594,0.00855171966840356
156,0.00298336421453224,0.00449840302250276,0.0029349112512791,0
157,0,0.00208564978740028,0.0161688198409496,0.0152853652475629
158,0,0.00181714686800106,0.0145603423306649,0.0131652273829584
159,0.00095420145438839,0.00163550110745459,0.00136115895718366,0
160,0,0.000360209803084835,0.00171442950079616,0.00244398444000107
161,0.00238230835358981,0.00337144867352246,0.00124784781849394,0
162,0,0.00163047720438613,0.00889549627484982,0.00687126934340605
163,0.00694791080416674,0.00872856499006486,0.00171460051407585,0
164,0.0152027390732655,0.0097199854632943,0.00107547338673653,0
165,0,0.00103413261643749,0.0064367616648145,0.00946356259206417
166,0,0.00142481510709851,0.00640192582814214,0.0053703026371717
167,0.00540284130849096,0.00537316318371883,0.00286660321204866,0
168,0,0.00137417206210969,0.0126099349564589,0.0120471992742792
169,0,0.000935633302168195,0.00779426619066765,0.0135838834248782
170,0,0.00109470110953975,0.00727030903108138,0.0108962597560085
171,0.00962629943352629,0.00962614838388746,0.00135183841225855,0
172,0,0.00144726123473475,0.0176525438546693,0.0207114778938093
173,0,0.000472104216889882,0.00215548215522805,0.00280111489207262
174,0,0.00187733895736278,0.00390438362854588,0.00226335036952123
175,0.00170189978004976,0.00477673780923214,0.00115405043968894,0
176,0,0.000834730062876845,0.0048372293917615,0.00782154163698629
177,0,0.00139927695114822,0.0125738890380323,0.0111666281314713
178,0,0.000732853531086135,0.00459169849812172,0.00850662806801146
179,0.000507942940593278,0.00286978502037191,0.00127158495129682,0
180,0,0.00102192945667817,0.00880705571807353,0.0138869263466814
181,0,0.000880822311432114,0.00486063467840174,0.00613264389811995
182,0,0.000501025262080882,0.00188569425701381,0.00215534147245516
183,0,0.00137423016033734,0.0137669849734846,0.0194396870803552
184,0,0.000602576822741226,0.00316442594491236,0.00529913604408942
185,0.00548845929777305,0.0109177630859019,0.000499407864350723,0
186,0,0.00241422138423622,0.00442812078486749,0.00359797855345249
187,0.00344241123274852,0.0054833833826174,0.00120738947285748,0
188,0,0.00112099973663577,0.00623425188955508,0.00301951709545921
189,0.00382194090890915,0.00682577652123605,0.000993448923790691,0
190,0.00978273715834797,0.00444082037572849,0.000470511439172362,0
191,0,0.00148859411195165,0.0111126585660792,0.00933653809545158
192,0,0.00079519747276471,0.00577019736289894,0.0104622083659373
193,0,0.00181210656317969,0.00662813599089554,0.00543957404451825
194,0.00778610338665645,0.00823969172355158,0.000636282836432765,0
195,0,0.00112243939051129,0.00509484483871018,0.00448575585560805
196,0.0124496551472877,0.0109144257616385,0.00235079988210656,0
197,0,0.00115569712631564,0.0170061736008381,0.0181531176047389
198,0.000475052659426111,0.00166255344545136,0.00390824051284836,0
199,0,0.000959984286738935,0.00760649604041073,0.0146851141372325
200,0.0167494847729703,0.00687096311959093,0.000904945278989731,0
201,0.00662758007043724,0.00736869220902963,0.00310972646549568,0
202,0.000103396447504098,0.0012933312948754,0.00247838261170147,0
203,0,0.000793674766905113,0.00488697506731783,0.00884113689379481
204,0,0.0016958724818991,0.00539720279207056,0.00320451460361534
205,0,0.00166872890363282,0.0118298787476843,0.0106580127639799
206,0.0139306574422876,0.00643940471405458,0.000599495901787137,0
207,0.014362402671913,0.00785471536109231,0.000950493687086443,0
208,0,0.00107800808721284,0.00919311612595581,0.0173688205724324
209,0,0.00106435853856985,0.00937277824443306,0.0102190407369007
210,0,0.000961163618189008,0.00854274643657493,0.0180486610125094
211,0.0178308932814012,0.00482863216990004,0.000409402056869235,0
212,0.00659479503947856,0.00797730525514343,0.00188846589214136,0
213,0,0.00245750131535893,0.00365244416657654,0.00248901847807542
214,0.000233801265585568,0.00173779944348385,0.00175292571931778,0
215,0.0103702314974447,0.0106736576224076,0.0011749240772153,0
216,0,0.000833646856920115,0.00551659525674749,0.00906478327817751
217,0,0.00123028029948311,0.0115180184790906,0.011406925310701
218,0,0.00109616590319123,0.0105612123795012,0.0207004804368502
219,0,0.000901851661646505,0.0039277537876359,0.00341062303026337
220,0,0.00191286460888453,0.0149095155424289,0.0137076684791665
221,0,0.00115590568944787,0.00591963694298021,0.00495794887402574
222,0,0.0013554304679104,0.0157003200645681,0.0165511756651798
223,0.00489678392675129,0.00750316270876757,0.00130662561098403,0
224,0,0.00113997279751229,0.0082645347501798,0.00547744069335814
225,0,0.000844591226486177,0.00267622874284851,0.00105426794822771
226,0,0.00178472780562688,0.00827286593981828,0.00586706834339879
227,0,0.000613193509019751,0.003319591004265,0.00498930795055351
228,0,0.000742670797993219,0.00409680583418667,0.00577838529879815
229,0.0133641164664122,0.0078900239526949,0.000961320846736922,0
230,0,0.000911668155838947,0.00451293118299121,0.0050085012297137
231,0,0.000788508001708207,0.00458600815668117,0.0080107633703931
232,0,0.00153041087972408,0.019347263678753,0.0172249319803679
233,0,0.00069438446164558,0.00401432558186455,0.00441001148246013
234,0.00628521546165695,0.00717508160106063,0.00241885739842868,0
235,0.00181680072825654,0.00429224440326659,0.0010251380251423,0
236,0,0.000709573408281674,0.00441460332749207,0.00815489805515699
237,0,0.00157521011668423,0.019518336083835,0.0191964143220478
238,0,0.00115228558920382,0.00612184956248095,0.00560527527863407
239,0.0169924762057268,0.00811472741309171,0.000786762889993929,0
240,0,0.00196811987035283,0.00705942008241003,0.00583460524214224
241,0,0.00120463382496159,0.00954497799266332,0.00610145388594092
242,0,0.00126856236813672,0.00346076568190572,0.00155212940528691
243,0,0.00125693470334107,0.0124717966554185,0.0177688386635298
244,0,0.00129502067187865,0.00872627329109255,0.00950977020977944
245,0,0.000921867340393134,0.00656613704044341,0.00547869816852102
246,0,0.00150467712516286,0.00842288789678676,0.00596345247290538
247,0.0151730264291385,0.00557988541375053,0.000615505738750209,0
248,0.00275571785486938,0.00307901836583344,0.00149095282268296,0
249,0.00445079220555615,0.00727933717876519,0.00109209299432528,0
250,0,0.000744401313501678,0.00195045735658908,0.000854739532880315
251,0,0.000989288975015531,0.0108675862074941,0.0249575864782482
252,0.0134060823018393,0.0108081724193564,0.00133156874525465,0
253,0,0.000879802748167582,0.0057018489264218,0.0100728872177264
254,0.00208389991423848,0.00511554626690973,0.00112257368506574,0
255,0.0039305498401602,0.0060103249016583,0.00177297718020384,0
256,0.00068677813130355,0.00291149988224289,0.0010981156836836,0
257,0.00249727577018555,0.00362113002155623,0.00301729322639451,0
258,0,0.000904102582074882,0.006553600417894,0.00852026268662864
259,0,0.00117695530105864,0.00289841121232095,0.00164241624086413
260,0,0.00105490914344393,0.00940421997106955,0.0185451059378509
261,0.00039291989647691,0.000987253373047075,0.00181779832383593,0
262,0,0.00144095798854354,0.0115811205821228,0.0106634489376243
263,0,0.00193339566677282,0.00868465470125265,0.00745022215629515
264,0,0.00100129471060848,0.00794202913014322,0.0159943615841783
265,0.00827862756506537,0.00907413535146937,0.00234752992515416,0
266,0,0.00111044764545752,0.00942836487234785,0.0175568204329345
267,0.00118046437167775,0.00190256264032723,0.00126958825151309,0
268,0,0.000790926836686332,0.00510198212435708,0.00760983511726996
269,0,0.00073971660561116,0.00473321029280208,0.0086688986671384
270,0,0.000994781797624723,0.00804153869454049,0.0142925879616354
271,0,0.000772245395370099,0.00485817101480258,0.00834290832154472
272,0,0.000335149403741962,0.00160842108410317,0.00246557810116577
273,0.00890542906272564,0.0135946629671125,0.00083509785182094,0
274,0,0.000705319377263921,0.00456428036815211,0.00816894427071124
275,0.00526028530333137,0.00528543727871139,0.00142666308019453,0
276,0,0.00105691391570801,0.00716305435604184,0.0085813339795275
277,0.0126765265880983,0.0108172669337735,0.00212855225379763,0
278,0,0.0012025093818689,0.00581819990633416,0.0031802472999069
279,0.00629675888346325,0.00712947000067028,0.000697918267074181,0
280,0.00802100843736421,0.0111901615289394,0.000736891893752162,0
281,0,0.00090385785018496,0.00328600712592034,0.000865766500632999
282,0,0.000920951669739009,0.00505981978157554,0.00691956639916278
283,0,0.000808867989231923,0.00423579487650324,0.0052925915216538
284,0.0129963898723005,0.0122078861816398,0.0021951865471695,0
285,0,0.0014414549392359,0.0142589628387143,0.0164875277249052
286,0.00740517946789274,0.00915513513102931,0.00222173846487425,0
287,0,0.00136969275221451,0.00315280331870189,0.00144427236469898
288,0,0.000221696336070913,0.000939939628833666,0.0012373364959948
289,0,0.00102147380853234,0.00763029298260385,0.0131177935892814
290,0.00122820301853364,0.00221745148408454,0.00109709647361326,0
291,0.0156039136194696,0.00688389548298658,0.000865463599786113,0
292,0,0.000894840157911235,0.00429330436786177,0.00538496755107719
293,0,0.000730548560624919,0.00467953709944093,0.00917863168589136
294,0,0.0011229030965461,0.00852792224865241,0.0142588598176862
295,0,0.000612535955203723,0.00352012648135244,0.00626708822188973
296,0,0.00112089240291438,0.00803392223083189,0.0139260589876659
297,0.0144217052469362,0.00697254338185225,0.000692037350482504,0
298,0,0.00137078582798826,0.0201930371805463,0.0259130587142758
299,0,0.00111420327229001,0.00710046418202039,0.00733521741873285
300,0.0157174685583645,0.00687813506906512,0.000905618883438757,0
301,0,0.00095324866234699,0.00323754300795947,0.00231462428034363
302,0.0122272434526718,0.00624249536724739,0.000570583502179443,0
303,0.00384291901552228,0.0046073507992302,0.00310812574839302,0
304,0,0.00177568205174156,0.0187891612406694,0.0176386109437738
305,0,0.00141894141904158,0.00753487301470679,0.0064181422326222
306,0,0.00100451118474915,0.00545029378469965,0.00603975779287445
307,0,0.00149161223126657,0.00531082333311912,0.00333805606850732
308,0.00753358020580823,0.00941213981069473,0.00213856001868191,0
309,0,0.001965492632472,0.00987872050672332,0.00876501744811706
310,0,0.0041024953504787,0.00180233249077928,0.00123868078033146
311,0,0.00107396526195931,0.0100740610788942,0.00973871816461241
312,0.00682835339394814,0.00983152723285461,0.000806300115322522,0
313,0.00268051455795407,0.00423184231633629,0.00200262794154625,0
314,0,0.00130432949550231,0.00836051020661385,0.00631506016017195
315,0,0.00149372050349875,0.010741372741097,0.0084149507702246
316,0,0.000929766579903641,0.00438387676311878,0.00408637001154636
317,0,0.00115868534860055,0.00911657455883211,0.0153962194210552
318,0,0.00150555649547647,0.0136191752284034,0.0115679635138478
319,0.00391588939068907,0.00511822511022334,0.00202380015522201,0
320,0,0.00130770257560354,0.00964053168964896,0.00750271152244197
321,0,0.000721927398221004,0.003351386150123,0.00400946389606371
322,0,0.000935990513177963,0.00762398273054066,0.0143877641771927
323,0,0.00145610115027968,0.0159844836649882,0.0140629721550657
324,0.0162596983045835,0.00732090975939297,0.000709451732549094,0
325,0.0126289777729083,0.00675404108576188,0.0011893756437762,0
326,0,0.00129716062121064,0.0114869799315204,0.00996780877144524
327,0.0112142435159928,0.010769221994215,0.00285085670888782,0
328,0.0132742540023311,0.00821048360674142,0.00115308629897434,0
329,0,0.0013471627980242,0.00979412846146719,0.00638370146629519
330,0,0.00170054690454755,0.00612530077419173,0.00447064010818203
331,0.0127459538487495,0.0102552651487023,0.00191532267365804,0
332,0,0.00115035712370038,0.0125698319319547,0.0194453147134984
333,0,0.0030199777750807,0.00442415685881049,0.00370494435285722
334,0.00693237441945676,0.00788656424185067,0.00415213258412575,0
335,0,0.00169137344020088,0.0175517113408516,0.0160502803189649
336,0,0.00103614248953831,0.0092166545611591,0.0178411915043325
337,0.00258418958127687,0.00334175639673172,0.00151558474386203,0
338,0,0.000615708591311447,0.00339737429415771,0.00536135197641591
339,0,0.00120428212470132,0.00832077118548673,0.00827721297302852
340,0.000835178620833571,0.00331008313238651,0.00140668768924486,0
341,0,0.00202847140568354,0.00206561054670452,0.000976774416444946
342,0,0.00158797972939378,0.00398357204575622,0.00223881694616361
343,0,0.000804879215052023,0.00400329890573142,0.00464335212813232
344,0,0.0020877201699767,0.00499585683780065,0.00407687765047187
345,0.0105174908550264,0.0125157732596868,0.00176810975387021,0
346,0.0118126695358811,0.00565228760007155,0.000537406832461652,0
347,0.00843959904032718,0.00937527278830324,0.00150631412441722,0
348,0,0.000964088025501682,0.00606754473200993,0.00922775974604148
349,0,0.00120892965230071,0.00859754385234771,0.012194707955487
350,0.0129275136550935,0.00478224333469034,0.00050224158319067,0
351,0,0.00112861174386768,0.0125048734918965,0.0126968960551606
352,0.00371960794201599,0.00619628728680566,0.00102527977430141,0
353,0,0.00182753052868695,0.00585321391646596,0.00443029677455458
354,0,0.000531797550707864,0.00187285111661201,0.00163769065918052
355,0.00437947240521423,0.00731019297181097,0.00130942577729595,0
356,0.00103891546423575,0.00230945792463429,0.00284592751840094,0
357,3.00884969392581e-05,0.000711565240281558,0.00164792884568591,0
358,0,0.000839017027041568,0.00528689433363719,0.00863188845485676
359,0,0.00149810284222964,0.0141136513008187,0.0117556298554299
360,0,0.00115465088845064,0.00967797831954757,0.0172465795223806
361,0,0.00116479416831838,0.0104653871774978,0.0196483894844213
362,0,0.00137435695728385,0.0047049068659268,0.00296523902322592
363,0,0.00181232095181131,0.00302706982027531,0.00153635624698449
364,0,0.000621084745302524,0.00269299506989222,0.0028596324873224
365,0,0.00220897831481668,0.00381563322305732,0.00224923955182248
366,0,0.00179374772438596,0.0107043945770975,0.00931556718242344
367,0,0.000917923710460213,0.00706538434612887,0.0132202925608003
368,0,0.00207049801367508,0.0149252058019701,0.0138667664216547
369,0.00849650228155692,0.00413436451993443,0.000401266137777342,0
370,0,0.00205619203954194,0.00528641390683869,0.00360525528049737
371,0,0.00104090312453761,0.00603457647928331,0.00635759818851983
372,0,0.000651404692850044,0.00336109979257606,0.00515339787936694
373,0,0.0010090863346402,0.00697356057232106,0.0115162670726309
374,0,0.00176395399902332,0.00688720174305705,0.0052581541970526
375,0,0.000707457729526868,0.00442499636907896,0.00619859174982744
376,0,0.000762628985961449,0.0043672727888325,0.00721353943515886
377,0,0.000754020685522289,0.00480329006370343,0.00899410361605543
378,0.00843976512149544,0.0118477839762182,0.00103845098651127,0
379,0,0.000866559957106858,0.00686724176752715,0.0133312430833632
380,0,0.00111313769729857,0.00920187669463412,0.0163300021926835
381,0,0.00200303469918679,0.00378724745470159,0.00224438849442727
382,0.000621432687610529,0.0028259874585047,0.00128043535254066,0
383,0,0.00171427648833271,0.0159396683142666,0.0143373882491592
384,0,0.000739201421060043,0.00412074166837946,0.00668052046075409
385,0.00149918074230177,0.00352364597288364,0.00222058964522536,0
386,0.0140408180555795,0.00681313352733679,0.000578514868894573,0
387,0,0.00102794914903139,0.00237202391271542,0.000645915602469084
388,0,0.00159211679595401,0.00881448519809342,0.00753429058565177
389,0.010898927053204,0.0060591156883257,0.000704863906260157,0
390,0.0120159015476391,0.00764551301115217,0.00118384279890293,0
391,0,0.000911750337585691,0.00739628891829255,0.0149051023743802
392,0,0.00138998100892626,0.00336969885987768,0.00137477756787004
393,0.00503421237800388,0.00695410105845348,0.00152825732331272,0
394,0,0.000888656697628228,0.0068108186671678,0.0131794353830424
395,0,0.000977526848886082,0.00621285704655157,0.00832102028549176
396,0.00673064688271671,0.0064255190392679,0.00254782344711087,0
397,0.00200719021214924,0.00480240374985649,0.000974242788454215,0
398,0.00106667167808053,0.00164146336925007,0.00287920832372993,0
399,0.0029442446587624,0.00533262499682662,0.00145457926840327,0
400,0,0.00236487284543554,0.0126533536432333,0.0117539725446885
401,0,0.000938482113265329,0.00666684028999754,0.00995546676486195
402,0.00338329712397993,0.00548431906003621,0.00199442594855511,0
403,0,0.000729417370603405,0.00392090124048157,0.00608535207288536
404,0.00948479870285479,0.00783918555865792,0.00110698615661706,0
405,0,0.00132883779147019,0.00906200865281078,0.0110351811779507
406,0,0.000935865299888327,0.00660158119880115,0.00983864318469464
407,0,0.00085316765782352,0.00323272936826716,0.00271837796422711
408,0.00154079611703097,0.00444767502127002,0.000847323955814177,0
409,0,0.00127114853280111,0.0116941694880795,0.00997325434665081
410,0,0.00143241264956698,0.0101636553773406,0.00816259605421968
411,0,0.00129557796352721,0.0114094551367967,0.0113870274613179
412,0,0.00136550623073,0.0113115579993698,0.0100974426455438
413,0,0.000758383780278028,0.00510140667472604,0.00782454356550811
414,0,0.000950121245440513,0.00503130633534976,0.00353248679252294
415,0,0.000768168435604549,0.00433889060313162,0.00715149207089903
416,0,0.00146861405318457,0.015318340990453,0.0149742696095129
417,0,0.000885778961879519,0.00375800264005718,0.00296214309527107
418,0,0.00160136473516522,0.00195542140628673,0.000139762156353848
419,0,0.00106253933287,0.00889568667311834,0.0168731865388911
420,0,0.00269046938752363,0.00451994155865138,0.00367325916867133
421,0.00472390732844165,0.00849615526046375,0.000891344254141453,0
422,0,0.00135927695578954,0.00921215835957875,0.0102031646858256
423,0,0.000426459264087192,0.00145852871477819,0.000951455902875868
424,0.00780102349356121,0.00936912508394148,0.00236002598552988,0
425,0,0.00186949254918497,0.00312360986475434,0.00146448504777139
426,0,0.00179104064773513,0.00471906927148421,0.00285126117691062
427,0,0.0014988812672593,0.0021045239915528,0.000460790078039352
428,0,0.000645519514127019,0.00337799181092725,0.0052282420494034
429,0,0.00082501758986131,0.00583818202398831,0.0117020263442594
430,0.0118076865567933,0.00816804728200208,0.000877528349640094,0
431,0,0.000936316622735571,0.00794098121027267,0.0153534363012277
432,0,0.00116486671991159,0.00738417672385544,0.010777088365203
433,0,0.0013459996310165,0.00767161052296655,0.0064821776136607
434,0,0.00226989822468219,0.00348468483035241,0.00227459109934082
435,0.00470896362394455,0.00531725352732665,0.00176656188913606,0
436,0,0.00122185928964611,0.00840392042657854,0.0103608361956074
437,0,0.0010295095532288,0.0100839242175765,0.0103803192862727
438,0,0.000781759397204658,0.00404491482307203,0.00453230177753092
439,0,0.00161617529784817,0.00909507421731779,0.00753149149146097
440,0,0.000740707876559398,0.0045764794406213,0.00861892242099207
441,0.00366652150589659,0.00384154731038889,0.00154950560437207,0
442,0,0.000938803498089905,0.00688732124191676,0.0131923368708611
443,0.00976824245767438,0.00855468130632728,0.00207133757119082,0
444,0,0.00116432897706036,0.00612488115965055,0.00346336057001069
445,0.00168503278531754,0.0022344154347157,0.00220101241456919,0
446,0,0.000796200790955354,0.00552123458213722,0.00999929655007462
447,0,0.000750899908958505,0.00383097687931085,0.00534782970248652
448,0,0.0017140731595586,0.0156970223645514,0.0146303486375366
449,0,0.000892530746824624,0.00477130721090041,0.00474882087289439
450,0,0.00168285726184325,0.00763050169249178,0.00600161631827887
451,0.00792089553776499,0.00909750523054112,0.00238255456190536,0
452,0,0.000718613226821119,0.00374258988748806,0.00503198473955425
453,0,0.00155903926279835,0.0146247301472264,0.0126712554211108
454,0,0.00212946962592148,0.0152445125904746,0.0142517871828552
455,0.00521353630982962,0.00680841358988409,0.00206913726131501,0
456,0,0.00146954494972514,0.00790444033628394,0.00615255708332403
457,0.00240643500680091,0.00447195362423029,0.00183835591879325,0
458,0.0069915868007087,0.00763033003033515,0.000751578980203237,0
459,0.00216907430665652,0.00247923915542642,0.00136447610968839,0
460,0.00584456723799727,0.00622529822856068,0.00186214856887391,0
461,0.0102244318971448,0.0120381810360669,0.00131586235753007,0
462,0,0.00173106792175835,0.00669967508688267,0.00536374533952851
463,0.0121651449023483,0.0137266742566281,0.00145683396297158,0
464,0,0.0016654417755968,0.00665545915051618,0.00455737627528221
465,0,0.000949308812536104,0.00450324723916676,0.00471949922286613
466,0.0177663073818486,0.00918226369504522,0.00074672398155258,0
467,0.0114555065530736,0.00599810370145794,0.000656111139838003,0
468,0.00402571815926955,0.00532779242041553,0.0022484006378381,0
469,0,0.000660695139119477,0.00380371225352499,0.00575934406977537
470,0.0137542173702854,0.00630749045865548,0.000758908404473544,0
471,0.00232415706516543,0.00434369175559527,0.0014723293342448,0
472,0.0149052502815249,0.00792536400995557,0.000733033862904377,0
473,0,0.00109873408723008,0.00366534539151166,0.00261910611062797
474,0,0.000909388181008632,0.00679915970914777,0.0104257346837614
475,0,0.0014413922768437,0.00470982478558154,0.00265530166713545
476,0,0.000835855752875123,0.00501152252231252,0.0085185725667606
477,0,0.00219437643711339,0.00149345597567145,0.000278845338880984
478,0.00259582718096359,0.00485937619578237,0.00149209369260384,0
479,0.00103584528060564,0.00251852226199475,0.00294662551325926,0
480,0.00153922375364651,0.00468528197525158,0.000781465665009425,0
481,0.00561621493810439,0.00579086616334657,0.00219436065147034,0
482,0,0.00179204786319663,0.00271008741250562,0.000854982094864721
483,0,0.00106228905410281,0.00895439777877088,0.0168973131366008
484,0,0.00135562896767713,0.0048535552512456,0.00368228598850433
485,0,0.00125766346317379,0.00829873633429412,0.00516155453617922
486,0,0.000849255942959849,0.00571332052832021,0.0103306096843022
487,0,0.000841779880440902,0.00349234162375662,0.00238497772182044
488,0.00587007663876772,0.0087266529470451,0.00079220036384197,0
489,0,0.000993779302612092,0.00588648035506855,0.00869773568395053
490,0,0.00152203156889618,0.00579885728158264,0.00323694249880793
491,0.0164664220186346,0.0058603828916147,0.000665096336645337,0
492,0,0.000897778660018375,0.00549670199136564,0.00747789893370588
493,0,0.00183186032354725,0.00637922121372185,0.00502684647660768
494,0,0.00133655321542332,0.010869497869099,0.0110144709041939
495,0.00444130366038971,0.00693845449466421,0.00146025330808359,0
496,0.0174682659776373,0.00468098061734956,0.000407000788339419,0
497,0.00477474663404305,0.00643855168158721,0.00162294688490268,0
498,0.0109918478161206,0.00535395001143212,0.000582405675862686,0
499,0.0023296499213854,0.00327918929180361,0.00190196597890423,0
500,0.000981076658680871,0.00233532087507671,0.00258243997370708,0
501,0,0.000857671044383904,0.00536229324952628,0.00974944650927797
502,0.00659444916509775,0.00985037598082915,0.000997234115220017,0
503,0,0.000635133111933431,0.0036640327486601,0.00635347287746044
504,0.000463632337647617,0.000803456791963099,0.000926888093297142,0
505,0,0.00100321792444943,0.00801708891124633,0.0152024807987445
506,0.00026771034207352,0.00053310587172993,0.000774611405837138,0
507,0.0170644259631104,0.00820125800971869,0.000906626248252194,0
508,0.0107890317419326,0.0135439161173255,0.00144691641826143,0
509,0.013779325331826,0.00756628200858623,0.000752145595697914,0
510,0,0.00173715517312445,0.00584114675577747,0.00433122995028102
511,0,0.000541367823766317,0.00248970918101112,0.00341409925589607
512,0,0.000725677167664529,0.00402944196768543,0.0063323181221581
513,0,0.00140713139726628,0.0124078686772102,0.0152980732767793
514,0,0.0012010187711167,0.0108656841115576,0.0172369528920124
515,0.00231130660354884,0.00337254809554859,0.0015312668320503,0
516,0.00129960146208401,0.00254285962261342,0.00163222649219881,0
517,0.00198363149284439,0.00542801705777067,0.000632395157555581,0
518,0,0.00144018085723481,0.0150572894489579,0.0131414996619566
519,0,0.000742827504595589,0.00463296679829375,0.00860353978419165
520,0.0099325116916228,0.0128422987768299,0.00150997916352762,0
521,0,0.00133696650538976,0.00752602573320302,0.00539154628569652
522,0,0.00158954727938521,0.00229259880191456,0.000614160771411663
523,0,0.0018964955097816,0.00854426053975976,0.00647387395795017
524,0,0.000978155238411493,0.00861249729353835,0.0160484807183178
525,0,0.00266232782342799,0.00821490340832502,0.00755873404741557
526,0.00583714451093209,0.0063946343060264,0.00280919377405514,0
527,0,0.00030640794670884,0.00137232764654457,0.00194399024507266
528,0,0.0012547218721603,0.0118505281663459,0.0205154450052288
529,0,0.00123119864584489,0.00440212199168703,0.000442635732126669
530,0,0.0010691918090854,0.00883959455276362,0.0161766806120845
531,0,0.00134050437495731,0.00753151734013719,0.00604438326661876
532,0,0.00125678213286727,0.00861346437586441,0.00971763868947789
533,0.00793990239996176,0.00760405897305925,0.00168224274476981,0
534,0.0142639784066888,0.00711668894909098,0.000574156022883077,0
535,0,0.00129554486626453,0.016119674112777,0.0143431959589563
536,0,0.001328750311805,0.00855633226602776,0.00574813945293775
537,0.00625026326176508,0.00589411975192174,0.00131690117823617,0
538,0,0.000988461024353335,0.00696180600761753,0.0105620822292636
539,0.00609182611294254,0.00664967407428095,0.00214166171507773,0
540,0.0133386851076586,0.013578084382517,0.00222848526392136,0
541,0,0.0011053715096888,0.00640395334479757,0.00828560845571804
542,0,0.00127787568415577,0.0114625316448791,0.0194901557824252
543,0.00143540048135389,0.00353127569629702,0.00180638607505994,0
544,0,0.000795860339008862,0.00547463087808225,0.010087493397009
545,0,0.00181411169840696,0.00513521221629093,0.00390170147257818
546,0.00147535377560771,0.00250469435507699,0.00210728665540952,0
547,0.00671020217695242,0.0116351700112288,0.000789130557096302,0
548,0,0.00080112169821038,0.00488258289204698,0.00751244795300218
549,0,0.00166187301482595,0.0124402567344966,0.0110093884173969
550,0.0128896713868472,0.0152768693602063,0.00139392692526856,0
551,0,0.00085290252724405,0.0057901861596405,0.0106317573754719
552,0.00351395219563703,0.00777227879390468,0.000765784128026897,0
553,0.00716964747701079,0.00726594471801104,0.00265333982245005,0
554,0.00905912941354134,0.00710177084345837,0.000525145000604882,0
555,0.00555290047259989,0.00784459010222717,0.00133865616999305,0
556,0.00507505099018011,0.00554386342129567,0.00180307248773241,0
557,0.0159122963630106,0.00763557612852793,0.000668169781725202,0
558,0.00165901414366715,0.00497979328892564,0.000882333048488351,0
559,0,0.00100041708185423,0.00981822229457687,0.00720878448294903
560,0.000713247884034311,0.00228685358813512,0.00187343836453849,0
561,0,0.00103362735020449,0.00967222351361693,0.0120734414722899
562,0.00723186206332451,0.00974955777875275,0.00167226944205786,0
563,0,0.000970882513670727,0.00372947572548884,0.00322162511047379
564,0.00821592532290472,0.00776035785829464,0.00200979299935688,0
565,0,0.00210365418188873,0.00191968604991523,0.000408241270465636
566,0,0.00147838958047831,0.0102377583176876,0.0100208563131246
567,0,0.000743340817226063,0.00398818103114545,0.00514254571800381
568,0,0.00128571665252448,0.00702570589421563,0.00749049503266667
569,0,0.00202582825435556,0.00609939132538341,0.00518175300164023
570,0,0.00102075395044184,0.00903707788467942,0.0175782061236633
571,0.00264171843915323,0.0045430410844413,0.00168272680032157,0
572,0,0.000876948004922395,0.00625245528121849,0.0114952628346498
573,0,0.00111368824979118,0.00691239157094325,0.004620423331764
574,0.00228937238419588,0.00273572283250344,0.00126138600761424,0
575,0.00234414334579724,0.00557573712023107,0.000886875584105933,0
576,0.00168337982763775,0.00288503548437281,0.00380371437452018,0
577,0,0.000576939586771958,0.00290315267003932,0.00441491048996261
578,0,0.00083315522936386,0.00514409920245014,0.0095331924264559
579,0,0.00187315237098026,0.0172893452379042,0.0164273785591897
580,0,0.00132099437609419,0.01704081687199,0.0153165345308012
581,0.00545169261207172,0.00532160111703987,0.00171615098583111,0
582,0,0.00151291521089755,0.00782330785165697,0.00548144230671303
583,0.00974491679966893,0.00473230100104179,0.000546925277515681,0
584,0,0.00174349976236655,0.0132723734973029,0.0118217382417135
585,0,0.00173524831413338,0.00692858616352762,0.00514004492524915
586,0.0168229578546439,0.00737682578520905,0.000889559711172515,0
587,0.00192586809257707,0.00212767073158908,0.00114593176300251,0
588,0.00573464319398323,0.00608494963127165,0.00238861615474773,0
589,0.0151607146888418,0.00658963667282438,0.000802663711584925,0
590,0.0205805864478392,0.00708006259772381,0.000583263505807237,0
591,0,0.00322879522243991,0.00132097795214336,0.000741400686976923
592,0.0107875663680581,0.00831620588986252,0.00150630210061046,0
593,0,0.00101899935905039,0.00720389083309031,0.00724268167625268
594,0,0.000862202038486113,0.00542630836877496,0.00613672462886838
595,0,0.00111102415027657,0.00621691351754335,0.00468513185525003
596,0.0120123716447026,0.00726628121342193,0.00078341148925112,0
597,0.00309426795756706,0.004459112214542,0.00197456122851885,0
598,0,0.00114880972365778,0.00566510913602864,0.00268522784680781
599,0,0.000865148353928674,0.00650010922361065,0.0121597985533987
600,0.0154533783443478,0.00636263501522438,0.000608810222372528,0
601,0,0.00143822937402127,0.00590593847045652,0.00434175515325304
602,0,0.00169938972376205,0.00545034877671885,0.00418144760739802
603,0,0.00184955497156398,0.0207946208364681,0.0197605183996569
604,0.0227154603275447,0.00508306627657468,0.000368503734618962,0
605,0.00176164292249946,0.0029461220293805,0.00234767092639194,0
606,0.00162556055656185,0.00177987374908066,0.00131109129429624,0
607,0,0.00105817490415863,0.00619930382443501,0.00701529054548404
608,0.0132001786087253,0.0122388577666515,0.00266385504008493,0
609,0,0.000672013190359063,0.00374152272841276,0.00547814001815982
610,0,0.00105967288652498,0.00725669901833246,0.0100556452091532
611,0.00220763663844582,0.00527050477236248,0.000979481764921545,0
612,0.0144554407751755,0.0106083069417666,0.00129374006181225,0
613,0.0185555946055062,0.0096026679199144,0.000823897786967266,0
614,0.0103379528213108,0.00802289262710352,0.0010338080175865,0
615,0,0.00190741969417633,0.00880002520730045,0.00751570775249798
616,0.00675230214260899,0.00897084704309989,0.00111754330914506,0
617,0,0.00130404196343272,0.0152002378474393,0.0128444633266736
618,0,0.00231970031107442,0.00913636854946025,0.00801933515720149
619,0,0.000838040149191525,0.0041431147792249,0.0047203543389957
620,0.00352315878647835,0.00632236723791967,0.00126290585373623,0
621,0,0.00090853928868798,0.00642680809322402,0.0121411218095877
622,0.0104483480746333,0.00920398422109273,0.000646137318767549,0
623,0,0.000843192762847521,0.00431337620366921,0.00566025668274398
624,0,0.000763582518668069,0.00535641555062208,0.0102288053625458
625,0,0.00114106917191409,0.00837465821840849,0.0109781665505094
626,0,0.00141837609044341,0.00874156982367948,0.0068604588449799
627,0,0.000829187945474076,0.00585650779144039,0.0107011950276178
628,0,0.000727349529813678,0.00414887898701314,0.00715750850285182
629,0,0.00120349902852972,0.0135211358874375,0.0207055698717589
630,0.00798189289664769,0.00749142445429079,0.00108316692158292,0
631,0,0.00137011537503162,0.0209202040887448,0.0185524755176374
632,0,0.00202167272768519,0.0189994305955403,0.0180598710593974
633,0,0.00117118242226737,0.00585841840138694,0.00504937087257855
634,0,0.00154426299084911,0.0085144017543135,0.00728996124820295
635,0,0.00144562558306103,0.0133573491566226,0.0137287360099139
636,0,0.00111616479255921,0.00892620160928158,0.0158217548415657
637,0.000430933116864696,0.00278023367372249,0.000983242524199818,0
638,0,0.000767941296961824,0.00483764182455096,0.00892818258107139
639,0,0.000549683224267449,0.00282763991766802,0.00418819175163667
640,0,0.000595956134185883,0.00356117518286839,0.00669800506925641
641,0,0.00108202655222879,0.00899273811546737,0.0162482347540383
642,0,0.00101487777696885,0.00833871433472972,0.0159441043084751
643,0,0.000850699435135067,0.0038976616581634,0.00372350081553874
644,0,0.00149021293877103,0.0126583233675254,0.0107579513079254
645,0.00252945820651746,0.00300385177536349,0.00166368714932153,0
646,0,0.000748125087570349,0.00492823952287999,0.00924803435787139
647,0,0.00124673155467414,0.00844391399450602,0.00936301977679983
648,0.00507921833298522,0.00559478008161711,0.00160126912724911,0
649,0.00872620733685008,0.0103491506741329,0.00190364867718611,0
650,0.0103165043646648,0.0090286845366481,0.00163389652868812,0
651,0.00109400306854568,0.00157739210441557,0.00180998461013706,0
652,0,0.000696854557759814,0.00450515063362509,0.00854661131826602
653,0,0.00063650710385979,0.00381827192129184,0.00715640295017542
654,0,0.000749399119781315,0.00482108715062457,0.00835755998549812
655,0,0.00139503786341348,0.0151309197158152,0.0129622924849161
656,0,0.00153008453869728,0.00788121213448422,0.00632643381946146
657,0,0.00156053819938039,0.00541050195352975,0.00424808775809609
658,0.00153724694078156,0.00244116675920808,0.00143300399646105,0
659,0.000254520906644724,0.00277799534225861,0.00108042065711302,0
660,0,0.000570114520607566,0.0023442866594863,0.00227517957845678
661,0,0.000876620627537461,0.00453245299043377,0.0049976937859082
662,0.00246856284844419,0.00448929830883537,0.00116126489633454,0
663,0,0.00197377089898269,0.00202759923379299,0.000933221382127725
664,0,0.000859716597009123,0.00613256390605354,0.00883938403739596
665,0.00460554250885543,0.00466717257603891,0.00233417979907721,0
666,0,0.00121426426773356,0.00722921473781983,0.00907433291415613
667,0,0.000909185290388803,0.00614556735743309,0.00111101597420651
668,0,0.00178059463472718,0.0116456607504718,0.0106416004518825
669,0,0.00127180176953182,0.00526596708166036,0.00268331756696294
670,0.00451533582226067,0.00772193993883627,0.00130550059094856,0
671,0,0.00097775958136383,0.00716716267653571,0.0122671681044005
672,0,0.000738062855113495,0.00424363051081238,0.00714663354023773
673,0,0.00117902130799948,0.010655111824836,0.0209085381860123
674,0.0067902002815248,0.00741348919029306,0.00126856923086726,0
675,0,0.000799067701301184,0.00484756135251721,0.00880201830012329
676,0.000932618316515723,0.00348707707890813,0.000898651587128639,0
677,0.00296015535425177,0.00393964229264893,0.00190670851190211,0
678,0,0.00139326955923516,0.0082778948516642,0.00776599536251365
679,0,0.00058684462598515,0.00161194125317834,0.00066507054436148
680,0,0.0010115947623047,0.00405629736464365,0.00356328492323914
681,0,0.00188224091475315,0.00432656376663269,0.00222907450592049
682,0.000240863261080578,0.00141875386013744,0.00316904108082708,0
683,0,0.00102333740300879,0.00767460037863713,0.0135552869952455
684,0.0154660829425606,0.00623153397894944,0.000448870611550571,0
685,0,0.000971088763915454,0.00827948879459821,0.0165283510944274
686,0,0.00152102057148149,0.010505266493252,0.00867865820212346
687,0.00084395031208232,0.000901835378375262,0.000689064970829985,0
688,0.00121964492094356,0.00489635107562668,0.000594597584073819,0
689,0,0.00147937947996047,0.00845563476911972,0.00605052510035398
690,0,0.00153440647350915,0.00705084174426469,0.00439294972115706
691,0,0.00107184439669721,0.00953860574000844,0.0152648876676324
692,0.0110224141976678,0.00907397574324931,0.00126622767346479,0
693,0.00492692723913225,0.00520178595902658,0.00200264182234841,0
694,0,0.00234244253356097,0.00809401943677207,0.00737678928439857
695,0.0215980661658296,0.0068898145398982,0.000547348305643992,0
696,0,0.00163717281067942,0.0141315155725773,0.0123333303964452
697,0,0.000640390545368427,0.00340248421192832,0.00494544943822012
698,0,0.00108550008903141,0.00681524490889182,0.00656259292749501
699,0.00732382000269019,0.00926722724178998,0.00154052488763529,0
700,0,0.00140057752212734,0.00497903673973181,0.00179772123909475
701,0,0.000328110678829426,0.000830642023675644,0.000156972880770065
702,0.0116291800509022,0.0117186215303107,0.00129408365039728,0
703,0,0.000876721477134183,0.00585281843689208,0.00894311236255312
704,0,0.00135413868484281,0.00462679764533629,0.00267411207212573
705,0,0.00129798977041705,0.00636680164368967,0.00286281840867472
706,0,0.00157641525145549,0.0135885675990874,0.0126903360984327
707,0,0.000879327692951081,0.00564333194018856,0.00941853054961354
708,0,0.000866270671101853,0.00561579951251694,0.00975447562188061
709,0,0.000867068811435853,0.00415350376904215,0.00352283505641476
710,0.000852481853122804,0.00309265053666155,0.00100565000221983,0
711,0.0145868845168541,0.00713324746303125,0.000584965524953913,0
712,0,0.000600112315800483,0.0021188003081826,0.00132776532219672
713,0.0103410393758815,0.0131138659220463,0.00124095063088852,0
714,0,0.00107011042670039,0.0088907187626727,0.0116288755596917
715,0.000464849403990074,0.00195554375966673,0.00192583848974002,0
716,0.0169823988457161,0.014617620431688,0.00119079143671189,0
717,0,0.000606765724021891,0.0031480212448904,0.00496859966699896
718,0,0.00158794297652096,0.0184691043388539,0.0166523236860817
719,0.00879707749443044,0.0101206340367038,0.00240938834298921,0
720,0.00803094917871544,0.00770797679491973,0.00102736182379954,0
721,0.00788472555947675,0.00990388638817369,0.00170129472672713,0
722,0,0.00236861905668095,0.0026302890815832,0.00178080854498246
723,0,0.00130024339818284,0.012549967810713,0.0152730002240438
724,0.0130729350995817,0.0074134098826539,0.000773503300245473,0
725,0,0.00203274573359899,0.00457149634248191,0.00347875963029075
726,0,0.000978171239593734,0.00572840740905915,0.00723214422805941
727,0.00855347044227055,0.00992310366643645,0.0010048196739468,0
728,0.0107207921388784,0.00593289545478613,0.000673930169797089,0
729,0,0.00133273138397308,0.00544709667975576,0.0036408700261213
730,0.000567115851250161,0.000839743667344571,0.000883628054220089,0
731,0.00285453544100727,0.00480509595299532,0.00183725957643851,0
732,0,0.00144755374347079,0.0034209033089616,0.00186546253568209
733,0,0.00143929552157806,0.0149615072488095,0.0172159193385115
734,0.00962364382402469,0.00923342270594565,0.00149488527288247,0
735,0,0.000700871638921297,0.0039714168998015,0.00654588552893775
736,0,0.00179173350341574,0.0124287468987245,0.010960125984349
737,0,0.00117657595157344,0.00454885297640267,0.00373451272759077
738,0,0.00110519997371666,0.00483186924613963,0.00417937398203026
739,0,0.000835444613824763,0.00511554643739257,0.00901662968151851
740,0,0.00078788169483774,0.0047740025033039,0.00734234086438569
741,0.00581822638465266,0.00746427948730952,0.00190685276028717,0
742,0,0.00106439110393218,0.00701456886976625,0.0109179533812218
743,0.0146224505295965,0.00629955004970827,0.000645488402382904,0
744,0.00499085321981491,0.00678394252068176,0.00152489662497222,0
745,0,0.00226297109224284,0.0132894636347003,0.0124540294637707
746,0,0.00189998933035683,0.00246777340319244,0.00105400917515328
747,0.0127617242704202,0.0135072982854122,0.00109003388213645,0
748,0,0.00170335725201933,0.0152664786865538,0.0141553961463096
749,0,0.00137810946462467,0.0153966735528741,0.0132249383695175
750,0,0.0015770935015655,0.00898833669252035,0.00724954032423946
751,0,0.000909187404941642,0.00264142559917594,0.000533497572978214
752,0.00655313369927487,0.00699560824008062,0.00215130044578529,0
753,0.00339629229575716,0.00603107140497545,0.0013561646362717,0
754,0,0.000614939450926289,0.00308300971613059,0.00445306842903621
755,0,0.00118793086274829,0.00200476316189662,0.000311383378329108
756,0,0.00090022909217535,0.00560860880746302,0.00610272742835975
757,0,0.00136537296965251,0.00813209149619439,0.00684899051301151
758,0,0.000892391034437404,0.00624885479683044,0.0116564564575422
759,0,0.000753769214839026,0.00499451990707485,0.00949187947113951
760,0,0.00117630838118874,0.00939702522757742,0.010183190229506
761,0,0.000785250265721273,0.00574619241325484,0.0112749945741327
762,0.00150781153572275,0.0027835449371588,0.00162348076796833,0
763,0.00227648642820812,0.00436045576846145,0.00191371075226243,0
764,0,0.00131853043358988,0.00964224692632774,0.0113119803150844
765,0.0038340315804294,0.0063994854847865,0.00100143089107831,0
766,0,0.0010988288896933,0.00669602824783914,0.00997317865245901
767,0.0092911962239834,0.0103479554950589,0.00124915613092353,0
768,0,0.000890471445336511,0.00466861199335845,0.00605360776573032
769,0,0.000690913420300688,0.0043945101779701,0.00795427113959446
770,0,0.00166687269274965,0.00182734855707865,4.87268607924085e-05
771,0.00508358205047445,0.0104098035971142,0.000723211974684917,0
772,0,0.000551628335671439,0.00263232243015734,0.00390548217200047
773,0,0.00160682711596284,0.0141141242926632,0.0122702864836947
774,0,0.000885314603058213,0.00539608423241802,0.0076133296501253
775,0,0.00139517627420423,0.0047641883482973,0.00299135083397381
776,0.0191768226190607,0.00514857136740687,0.000404564734864825,0
777,0,0.000667349477557547,0.00400713079276731,0.00713517281745579
778,0,0.00104137088882337,0.00618737922803492,0.00714818162571539
779,0.0176614883193593,0.0108086777960397,0.0011713427180038,0
780,0.00900583856453868,0.0114827114881847,0.00148479830177343,0
781,0,0.00182931126105358,0.00947510587120685,0.00801105653957559
782,0.00358662026668804,0.0117728017712964,0.000634246148482825,0
783,0,0.000651004282429569,0.0033316074161873,0.00520645724093408
784,0.0110308589190254,0.00851133365877691,0.000772918729124196,0
785,0.0172605307401329,0.0112893754986226,0.00100511391854242,0
786,0,0.00132940240262125,0.0120236034442897,0.0137781979438727
787,0,0.00114985386185354,0.0102878304797699,0.0188794011855706
788,0,0.00302130998324245,0.00841522201184379,0.00775999486691097
789,0,0.00134173870429152,0.00763447265942268,0.00300595151622197
790,0,0.00184632709736027,0.00424009850961887,0.0030252555950566
791,0,0.000708313677068771,0.00406106008922797,0.00695451004915692
792,0.010399772376874,0.0113398736803676,0.00227084312929574,0
793,0,0.00167960349663143,0.0102554755203471,0.00834629144829914
794,0,0.000692691650412029,0.00384812075661746,0.00651834091281542
795,0.00781631775259274,0.00867903575631797,0.00109617362917569,0
796,0,0.00269536155615693,0.00183286465423127,0.000813907438018686
797,0,0.000890619367217422,0.00557310727743582,0.00628461310926662
798,0,0.00172110873344782,0.0138939487547988,0.0121484761165176
799,0,0.000785799918817394,0.0044956749362311,0.00715943832355444
800,0.00135119014701916,0.00137955983632772,0.000932958748349158,0
801,0.00939472359106237,0.0091547739555391,0.00197597206825928,0
802,0,0.0024720458632627,0.00517347634302727,0.00426585136831427
803,0,0.000606315125422733,0.0016029893202909,0.000194952279921477
804,0,0.0008540856736749,0.00382850406516775,0.0029162357593639
805,0,0.00133371469372909,0.0160435919458802,0.0138350901579163
806,0,0.00238030367545897,0.00138376738022617,0.000371514123875148
807,0,0.00126934356070631,0.0170834571474458,0.0137535104363623
808,0,0.00052998777616008,0.00273977364979769,0.00456091954008074
809,0.00224468475357399,0.00295366879100326,0.00146926407232433,0
810,0,0.001644554767349,0.010484085331308,0.00911300105356873
811,0,0.00115320732338701,0.00588781815650701,0.00656438234202205
812,0,0.00105122825370209,0.00830251376215071,0.0149433944619878
813,0,0.00284266484113494,0.00970425473768285,0.00894901554265426
814,0.00761499415819443,0.00818007353730666,0.00208075002118323,0
815,0,0.001048767745722,0.0101172152146003,0.0174287362053298
816,0,0.00130896601631359,0.0165539419929598,0.0154403615300616
817,0,0.00180036639564905,0.016957705620134,0.0158357005174585
818,0.0124904008401791,0.0074864845722485,0.000617112047032187,0
819,0,0.00127008915994671,0.0108151666020073,0.00691746115468258
820,0.00277140965113104,0.00352482316286798,0.00280848171524529,0
821,0,0.000664093255217872,0.00358651302629247,0.00612653850608966
822,0,0.000541013753191811,0.00219268647834631,0.00181039724129867
823,0.00240469557469943,0.0024624867299639,0.00154444596603385,0
824,0,0.000754619150290901,0.00269930689118032,0.00184438532849414
825,0,0.00168018126375945,0.00766336996672919,0.00612365146377728
826,0.00262155727034476,0.00515270846446064,0.00104630547917258,0
827,0,0.00115718584538239,0.0141378375453221,0.0256049308984295
828,0.0184720578685484,0.00637814318662011,0.000586726788520044,0
829,0.0168868288804767,0.00923862492867771,0.000742074963477023,0
830,0,0.000914824970075143,0.00662043362185833,0.01135600673534
831,0,0.0016899330316359,0.00559869121697874,0.00420957988550581
832,0.00517382302908054,0.0074302211529113,0.000618117153468913,0
833,0,0.000959291029386626,0.00840658187812028,0.0157750585179878
834,0,0.00103355352043565,0.0082612346046425,0.0159105513524829
835,0.00856177141760833,0.0107609899522275,0.000817667225428687,0
836,0.00566971890762207,0.00729046460904026,0.00247444418691874,0
837,0,0.000985500349463701,0.00724467563074236,0.0128368005968072
838,0,0.00172258484792231,0.00891353651538092,0.0067954166868614
839,0,0.00128094027164055,0.0119395996465765,0.00905961932543306
840,0.0203342827709883,0.00564783928214549,0.000508689671777529,0
841,0,0.00138063909020077,0.00625980232661246,0.0036799000847021
842,0.0188416399935732,0.00955850718252108,0.000769786918155838,0
843,0,0.00110030139624973,0.00740936510066718,0.0089817551429586
844,0,0.000855132643529211,0.00319128857333443,0.00233355524684095
845,0,0.00105858659633659,0.00481814157897683,0.00431276335583402
846,0,0.000832758231612999,0.0047075963118549,0.00768489393555021
847,0,0.00120356001580148,0.0138562694298139,0.0181126798177027
848,0,0.000784440336423751,0.00542267162379324,0.00966757216788033
849,0,0.000835109237856482,0.00474980510519509,0.00716454894292172
850,0,0.00135296018279189,0.0176746069983106,0.0196769598545036
851,0,0.00178116511765855,0.00699349811984264,0.00559873606557676
852,0.00780959319152661,0.00977888834610659,0.00156623310184928,0
853,0,0.000936760726308921,0.00532778066156842,0.00722510777923146
854,0,0.00163820511445301,0.00508640499918325,0.00376743702994354
855,0.00694655560472335,0.00951717549360186,0.00122682758960426,0
856,0,0.00130775019862087,0.00966449993306959,0.0114541904352786
857,0,0.00123235388787557,0.0115483443264088,0.0138768258966399
858,0,0.00106935960315543,0.00352146524886646,0.00119258531669079
859,0,0.00106596149332362,0.00648142645579109,0.00830356614768159
860,0,0.00129130393701737,0.0163502021853677,0.0115277223936989
861,0,0.000843126055747026,0.00413554495123091,0.00473881070189032
862,0.00322147995729967,0.00427852717459496,0.00115853258128997,0
863,0,0.00173012471357574,0.0133582240157655,0.012064480173541
864,0,0.000693538093150085,0.00406950915117599,0.00729819992463182
865,0,0.00217302785523025,0.00202390902324517,0.000505782938362422
866,0,0.000808952504219244,0.00520193352439767,0.00816259960687682
867,0,0.000769085900370269,0.00381067471651373,0.00513447366609589
868,0,0.0016182950803593,0.00293577850649211,0.00124606825583391
869,0.00304564745319712,0.00304174486965917,0.00172746662409222,0
870,0,0.00104802210645998,0.00813233960006513,0.0152491117654871
871,0.00305766750127439,0.00417440262514882,0.00167991459137625,0
872,0,0.00162132962893096,0.00825449476165553,0.00604674563022325
873,0,0.00114689709515234,0.0114989754657932,0.0141854609468544
874,0,0.0010881196862838,0.0107442445996517,0.0162499779450835
875,0,0.0011449357010594,0.00894418857452851,0.0157249275439169
876,0,0.000645020606036849,0.00318832147643671,0.00415736645499414
877,0,0.00121509105734866,0.0103744233612315,0.00924051340582938
878,0.00728968700497627,0.0147414271388605,0.000597767889694758,0
879,0.0091728435423516,0.0102257618715214,0.00094214492641501,0
880,0.000901684190960443,0.00255115625509472,0.00173140862239812,0
881,0,0.000655590338340704,0.00235688953078363,0.00155125593784972
882,0.0140618195881773,0.00825200782481956,0.000936929297581865,0
883,0,0.00317459063079559,0.00222144550626987,0.00154327982156629
884,0,0.000778203183300664,0.00255495841149044,0.000720611606339402
885,0,0.00111647944444163,0.0100602263347049,0.0119254108093215
886,0.00250299291834138,0.00257039927439419,0.00154195939268616,0
887,0,0.00154611307040375,0.0159947119060333,0.0164941286232154
888,0.00408711487497398,0.00596656289210094,0.00160700119864191,0
889,0,0.000680893044873596,0.00397908633792323,0.00706218112606273
890,0,0.00100077109302218,0.00681937935178941,0.0113457787063331
891,0.00837574711810591,0.0104378979210038,0.00179731675535563,0
892,0,0.0017870877874481,0.00661515019719801,0.00444778435948977
893,0.00802647768209384,0.0102197954564792,0.000454811270336385,0
894,0.0163896113761596,0.00851199380370635,0.000764064810855954,0
895,0,0.00246594127001033,0.0100500009209907,0.00926864476915961
896,0,0.00120971047945161,0.0051624648246216,0.00372254980152833
897,0.00837830071410941,0.00938296890125227,0.00217354108289284,0
898,0,0.000157142896841331,0.000690672289055675,0.000964410984907891
899,0,0.000844368029026332,0.00565404701221016,0.00983933976808627
900,0,0.00142857462286178,0.0080622186710598,0.00735643458536279
901,0,0.00128547871830979,0.0156195254679088,0.0249271988854385
902,0.00866827926270073,0.00800719868161405,0.000980705427533566,0
903,0.00333471821222812,0.00471090659365078,0.00304598359605487,0
904,0.0041586319678248,0.00506756989840528,0.00155061404514769,0
905,0,0.000800922988072626,0.00590007894863565,0.0113244971802964
906,0.00269590465266752,0.00450883489851288,0.00227956350488499,0
907,0,0.00100093827586468,0.00634784141136855,0.00765198379918371
908,0.014486757134482,0.00635239479088231,0.000790109638105933,0
909,0,0.000843296438915203,0.00626166182461496,0.0109332207964445
910,0.0035262991692847,0.00499121726941167,0.00202790060988664,0
911,0.0126236712588847,0.00818768402393652,0.0009322496641734,0
912,0,0.00119289949292961,0.00996706260779357,0.015695947161758
913,0,0.00180325226110451,0.008827144038816,0.00752050924111976
914,0,0.00178368905714325,0.00492622125097922,0.00351931336594971
915,0,0.0011519083562002,0.0105706894603642,0.0124174295171451
916,0,0.00115405359249402,0.0108132773783355,0.00832679458840391
917,0.00281796612860922,0.00451740579169796,0.00185935145929897,0
918,0,0.00157914767151093,0.016947410693848,0.0149123295849171
919,0,0.00108663856029718,0.00935432714778519,0.0155519479126009
920,0.0119979943181883,0.0061713649503954,0.000477360312268173,0
921,0.0164811097344438,0.00792167818957454,0.000760752114359345,0
922,0,0.00145846393880692,0.0125393146537038,0.0103306498742205
923,0.00222052727984018,0.00437974564305673,0.000938869790391848,0
924,0,0.00119875152811495,0.00503850010049327,0.00310230654788383
925,0.00666951276393359,0.00868664536569917,0.00145740365891522,0
926,0.0014604061327418,0.00271288189134657,0.00176864425268781,0
927,0,0.000972224790826998,0.00503704186929428,0.00268686900298128
928,0,0.00180324588115057,0.00546665050893365,0.00338876806095866
929,0,0.0011472587064724,0.00966881984923375,0.0172802769345566
930,0,0.000797120773421811,0.00591555497351849,0.0121746171108295
931,0.00113753826868516,0.00218351115187431,0.00253398277760378,0
932,0,0.00109184518759127,0.00777693809415542,0.007170713009949
933,0,0.00185070891685343,0.0138342748313006,0.0129687416556164
934,0,0.00181035407781183,0.00697419784709302,0.005086935228843
935,0,0.0014953591544388,0.00679080633772485,0.00504298891716435
936,0.0101027683864489,0.00606293794956967,0.0007254630467141,0
937,0.00138790955959622,0.00716688108131427,0.000616287414704549,0
938,0,0.0011911286798705,0.00872063979762982,0.0138656492877899
939,0,0.000876828539590497,0.00607331023914544,0.010856693592932
940,0.00381726300821485,0.00636063432034105,0.00122726563012296,0
941,0,0.00116828782503893,0.00418239203609637,0.00215649228788766
942,0,0.000948599312919067,0.0071099180755425,0.0129757665873875
943,0,0.001046383753336,0.00617757009596577,0.00677403657203519
944,0,0.00102152094342741,0.00704796631062618,0.00928091820201472
945,0.000125724090231823,0.00185331337155213,0.002060441528439,0
946,0.00469104733390844,0.00843607105530029,0.00133217240628413,0
947,0,0.00230247830759532,0.00527481835383773,0.00464521190958528
948,0,0.00148932276026978,0.0102357283352097,0.0077931448811062
949,0,0.000984634002851231,0.00734309439510566,0.009640984028007
950,0,0.00152033330608322,0.0139105223151653,0.015073075496052
951,0,0.000464587513774595,0.00245004608735853,0.0038532047842306
952,0,0.000698638949342665,0.00463709916638612,0.00890160720296982
953,0,0.00151946736763219,0.016949602109443,0.0151807466699505
954,0.0104780116643649,0.0126714379014512,0.00124281655818125,0
955,0.00683008561288783,0.00922993632912166,0.000953501851927011,0
956,0,0.00117142570458222,0.00257102996173703,0.000965129623671299
957,0.0113192728650326,0.00810705717712272,0.000753452833318874,0
958,0,0.00190931297219444,0.0174391145038589,0.0162905558156034
959,0.00473693722599234,0.00719286209413826,0.000987980097634105,0
960,0,0.00143985006815745,0.00611593549050193,0.0026999181287013
961,0,0.00119856566691621,0.00476477764587192,0.00332752003434698
962,0.00056708112770097,0.00112922428997065,0.00178184826356878,0
963,0.000977717658245902,0.00162064342564766,0.00240954568458172,0
964,0.00939316553431012,0.0115049667300919,0.0013722676200046,0
965,0,0.00168287560939688,0.00557963334427569,0.00442426740652586
966,0.015638052382449,0.00620413324150231,0.000684832676831913,0
967,0,0.00108461588691048,0.00867882158841065,0.0155970120949484
968,0,0.00100350824988998,0.0095862672388832,0.0199222546078946
969,0.000948689584067207,0.0018015158083093,0.00381988314164032,0
970,0.0104178083412866,0.00569327738868798,0.000560653387269718,0
971,0.00611105841743778,0.00875385490497026,0.00159461800708903,0
972,0,0.00134863031838175,0.0112819513017868,0.00783499031397287
973,0.0139420540459546,0.0100936766760764,0.00107402235189851,0
974,0,0.000901292632053878,0.00496466730776892,0.00557812126986143
975,0.00716990297611558,0.0102739044993228,0.00111904052625702,0
976,0.00560037313502022,0.00876352969810863,0.000890897847408593,0
977,0.000509129531379125,0.00109200627030862,0.00172655695658007,0
978,0.00563320938110379,0.00700832638145729,0.00212254020390842,0
979,0,0.00259735836039451,0.00683455223796444,0.00608624295721103
980,0,0.000941514511479048,0.00516300828110528,0.0050066332564651
981,0,0.000975047356192603,0.00358106180157363,0.00246144635843468
982,0,0.00138960457180665,0.0103651712801385,0.00996519854074162
983,0,0.00130238077588786,0.00765247211188103,0.00945579308019232
984,0,0.00287143254358591,0.00506146541599748,0.00425071253131365
985,0,0.000467188940641586,0.00240740623776668,0.00369203099961993
986,0.00192052389598066,0.00341938689929666,0.00279285277555952,0
987,0.00336077177549251,0.00537819332593292,0.00120289382915186,0
988,0,0.00150114025975326,0.00956128572217399,0.00766402079000436
989,0,0.00204296969883225,0.00308723655766904,0.00170598846587127
990,0.00514539888009015,0.00705064502847217,0.00143998460951857,0
991,0.0141907657363869,0.00751617020564152,0.000931584525488027,0
992,0,0.00157156289676972,0.00536593591487856,0.00302800003524339
993,0,0.00169662547715961,0.00420646035288119,0.00265856843838144
994,0,0.00134556083645522,0.0147233852931591,0.0119424120019643
995,0,0.000872124795764637,0.00561488329096045,0.0102471484982878
996,0,0.00103577224326986,0.00683520444822925,0.00989696100131493
997,0,0.00184301006683925,0.00495382844050147,0.00364233589625222
998,0.0104451921483046,0.00992533536924569,0.00145268744680432,0
999,0.0196993350788613,0.00705823489826497,0.000766296754440045,0
1000,0,0.000382720868734733,0.00162233759925055,0.00184701654530739
1001,0,0.000128231954779331,0.000600388250585521,0.000926221196140692
1002,0,0.000602328644257541,0.00176317873219423,0.00163755206135549
1003,0.00189709208506823,0.00182056812425184,0.000813975082786723,0
1004,0.00829310710401981,0.00407368459736732,0.000532918034025616,0
1005,0,0.000403281989022113,0.00210743774661583,0.00371991026592449
1006,0,0.000927655068739607,0.00604614608683412,0.00969961056287096
1007,0,0.000736099015593414,0.00473754402961032,0.00629802571384296
1008,0,0.00265048550493338,0.00247637853069633,0.00188172630022871
1009,0.00034675655400539,0.000366064001830078,0.000266305725588601,0
1010,0.00766213890708233,0.00613717107990154,0.00152698147054251,0
1011,0.0120407361683937,0.00986515720576198,0.00175491744052828,0
1012,0.00709637253425608,0.0036142653047323,0.000302774717962292,0
1013,0,0.000405164540919156,0.00216617838583783,0.00384171395160267
1014,0,0.00121349303536043,0.00709374451556779,0.004809128977467
1015,0.0115705418693882,0.012315489843868,0.0036372716427057,0
1016,0.0211994345679821,0.00519252826297304,0.000326777111773736,0
1017,0,0.000432273546509735,0.00218722525128935,0.00348386778858854
1018,0,0.00106294586375938,0.00582332703628425,0.00846910344675032
1019,0,0.000647670842415023,0.00224632415634161,0.00214862146314629
1020,0.00263696596943943,0.00565236336477149,0.00054286126145698,0
1021,0,0.000607754993883665,0.00375408956264453,0.00732843103526894
1022,0,0.000969334089774447,0.0086168778705684,0.0149948879432398
1023,0,0.00115522939136491,0.0105510441714288,0.0194556079750071
1024,0,0.00201889956702729,0.0255090183778477,0.0248574881475171
1025,0,0.000410195343687912,0.00198021038220606,0.00292001559008303
1026,0,0.00180998625511545,0.00235507366405377,0.000661123976951467
1027,0.0121380388800041,0.0101196516366447,0.00175230910189711,0
1028,0.00934966905358109,0.003829426234382,0.000304477571996226,0
1029,0,0.000631653091220694,0.00406289478658304,0.00825023359134625
1030,0,0.00111049496208188,0.0135569366806351,0.0281400516306266
1031,0,0.00136307121522663,0.0144298110531894,0.00993673200079885
1032,0,0.00420107822159548,0.00236459604982298,0.002029492802196
1033,0,0.000128231954779331,0.000600388250585521,0.000926221196140692
1034,0,0.000602328644257541,0.00176317873219423,0.00163755206135549
1035,0.00189709208506823,0.00182056812425184,0.000813975082786723,0
1036,0.00829310710401981,0.00407368459736732,0.000532918034025616,0
1037,0,0.000403281989022113,0.00210743774661583,0.00371991026592449
1038,0,0.000927655068739607,0.00604614608683412,0.00969961056287096
1039,0,0.000736099015593414,0.00473754402961032,0.00629802571384296
1040,0,0.00265048550493338,0.00247637853069633,0.00188172630022871
1041,0.00034675655400539,0.000366064001830078,0.000266305725588601,0
1042,0.00766213890708233,0.00613717107990154,0.00152698147054251,0
1043,0.0120407361683937,0.00986515720576198,0.00175491744052828,0
1044,0.00709637253425608,0.0036142653047323,0.000302774717962292,0
1045,0,0.000405164540919156,0.00216617838583783,0.00384171395160267
1046,0,0.00121349303536043,0.00709374451556779,0.004809128977467
1047,0.0115705418693882,0.012315489843868,0.0036372716427057,0
1048,0.0211994345679821,0.00519252826297304,0.000326777111773736,0
1049,0,0.000432273546509735,0.00218722525128935,0.00348386778858854
1050,0,0.00106294586375938,0.00582332703628425,0.00846910344675032
1051,0,0.000647670842415023,0.00224632415634161,0.00214862146314629
1052,0.00263696596943943,0.00565236336477149,0.00054286126145698,0
1053,0,0.000607754993883665,0.00375408956264453,0.00732843103526894
1054,0,0.000969334089774447,0.0086168778705684,0.0149948879432398
1055,0,0.00115522939136491,0.0105510441714288,0.0194556079750071
1056,0,0.00201889956702729,0.0255090183778477,0.0248574881475171
1057,0,0.000410195343687912,0.00198021038220606,0.00292001559008303
1058,0,0.00180998625511545,0.00235507366405377,0.000661123976951467
1059,0.0121380388800041,0.0101196516366447,0.00175230910189711,0
1060,0.00934966905358109,0.003829426234382,0.000304477571996226,0
1061,0,0.000631653091220694,0.00406289478658304,0.00825023359134625
1062,0,0.00111049496208188,0.0135569366806351,0.0281400516306266
1063,0,0.00136307121522663,0.0144298110531894,0.00993673200079885
1064,0,0.00420107822159548,0.00236459604982298,0.002029492802196
1065,0,0.000128231954779331,0.000600388250585521,0.000926221196140692
1066,0,0.000602328644257541,0.00176317873219423,0.00163755206135549
1067,0.00189709208506823,0.00182056812425184,0.000813975082786723,0
1068,0.00829310710401981,0.00407368459736732,0.000532918034025616,0
1069,0,0.000403281989022113,0.00210743774661583,0.00371991026592449
1070,0,0.000927655068739607,0.00604614608683412,0.00969961056287096
1071,0,0.000736099015593414,0.00473754402961032,0.00629802571384296
1072,0,0.00265048550493338,0.00247637853069633,0.00188172630022871
1073,0.00034675655400539,0.000366064001830078,0.000266305725588601,0
1074,0.00766213890708233,0.00613717107990154,0.00152698147054251,0
1075,0.0120407361683937,0.00986515720576198,0.00175491744052828,0
1076,0.00709637253425608,0.0036142653047323,0.000302774717962292,0
1077,0,0.000405164540919156,0.00216617838583783,0.00384171395160267
1078,0,0.00121349303536043,0.00709374451556779,0.004809128977467
1079,0.0115705418693882,0.012315489843868,0.0036372716427057,0
1080,0.0211994345679821,0.00519252826297304,0.000326777111773736,0
1081,0,0.000432273546509735,0.00218722525128935,0.00348386778858854
1082,0,0.00106294586375938,0.00582332703628425,0.00846910344675032
1083,0,0.000647670842415023,0.00224632415634161,0.00214862146314629
1084,0.00263696596943943,0.00565236336477149,0.00054286126145698,0
1085,0,0.000607754993883665,0.00375408956264453,0.00732843103526894
1086,0,0.000969334089774447,0.0086168778705684,0.0149948879432398
1087,0,0.00115522939136491,0.0105510441714288,0.0194556079750071
1088,0,0.00201889956702729,0.0255090183778477,0.0248574881475171
1089,0,0.000410195343687912,0.00198021038220606,0.00292001559008303
1090,0,0.00180998625511545,0.00235507366405377,0.000661123976951467
1091,0.0121380388800041,0.0101196516366447,0.00175230910189711,0
1092,0.00934966905358109,0.003829426234382,0.000304477571996226,0
1093,0,0.000631653091220694,0.00406289478658304,0.00825023359134625
1094,0,0.00111049496208188,0.0135569366806351,0.0281400516306266
1095,0,0.00136307121522663,0.0144298110531894,0.00993673200079885
1096,0,0.00420107822159548,0.00236459604982298,0.002029492802196
1097,0,0.000128231954779331,0.000600388250585521,0.000926221196140692
1098,0,0.000602328644257541,0.00176317873219423,0.00163755206135549
1099,0.00189709208506823,0.00182056812425184,0.000813975082786723,0
1100,0.00829310710401981,0.00407368459736732,0.000532918034025616,0
1101,0,0.000403281989022113,0.00210743774661583,0.00371991026592449
1102,0,0.000927655068739607,0.00604614608683412,0.00969961056287096
1103,0,0.000736099015593414,0.00473754402961032,0.00629802571384296
1104,0,0.00265048550493338,0.00247637853069633,0.00188172630022871
1105,0.00034675655400539,0.000366064001830078,0.000266305725588601,0
1106,0.00766213890708233,0.00613717107990154,0.00152698147054251,0
1107,0.0120407361683937,0.00986515720576198,0.00175491744052828,0
1108,0.00709637253425608,0.0036142653047323,0.000302774717962292,0
1109,0,0.000405164540919156,0.00216617838583783,0.00384171395160267
1110,0,0.00121349303536043,0.00709374451556779,0.004809128977467
1111,0.0115705418693882,0.012315489843868,0.0036372716427057,0
1112,0.0211994345679821,0.00519252826297304,0.000326777111773736,0
1113,0,0.000432273546509735,0.00218722525128935,0.00348386778858854
1114,0,0.00106294586375938,0.00582332703628425,0.00846910344675032
1115,0,0.000647670842415023,0.00224632415634161,0.00214862146314629
1116,0.00263696596943943,0.00565236336477149,0.00054286126145698,0
1117,0,0.000607754993883665,0.00375408956264453,0.00732843103526894
1118,0,0.000969334089774447,0.0086168778705684,0.0149948879432398
1119,0,0.00115522939136491,0.0105510441714288,0.0194556079750071
1120,0,0.00201889956702729,0.0255090183778477,0.0248574881475171
1121,0,0.000410195343687912,0.00198021038220606,0.00292001559008303
1122,0,0.00180998625511545,0.00235507366405377,0.000661123976951467
1123,0.0121380388800041,0.0101196516366447,0.00175230910189711,0
1124,0.00934966905358109,0.003829426234382,0.000304477571996226,0
1125,0,0.000631653091220694,0.00406289478658304,0.00825023359134625
1126,0,0.00111049496208188,0.0135569366806351,0.0281400516306266
1127,0,0.00136307121522663,0.0144298110531894,0.00993673200079885
1128,0,0.00420107822159548,0.00236459604982298,0.002029492802196
